SK_ID_PREV,SK_ID_CURR,NUM_INSTALMENT_VERSION,NUM_INSTALMENT_NUMBER,DAYS_INSTALMENT,DAYS_ENTRY_PAYMENT,AMT_INSTALMENT,AMT_PAYMENT,days_delayed_payment,amt_ratio,amt_delta,days_weighted_delay,days_weighted_delay_tsw3
2225861,148491,2.0,11,-195.0,-198.0,9765.63,9765.63,3.0,1.0,0.0,3.0,2.8218
2225861,148491,1.0,10,-225.0,-240.0,5012.055,5012.055,15.0,1.0,0.0,15.0,13.92
2225861,148491,1.0,9,-255.0,-259.0,5012.055,5012.055,4.0,1.0,0.0,4.0,3.6892
2225861,148491,1.0,8,-285.0,-292.0,5012.055,5012.055,7.0,1.0,0.0,7.0,6.3868
2225861,148491,1.0,7,-315.0,-325.0,5012.055,5012.055,10.0,1.0,0.0,10.0,9.025
2225861,148491,1.0,6,-345.0,-365.0,5012.055,5012.055,20.0,1.0,0.0,20.0,17.810000000000002
2225861,148491,1.0,5,-375.0,-385.0,5012.055,5012.055,10.0,1.0,0.0,10.0,8.845
2225861,148491,1.0,4,-405.0,-419.0,5012.055,5012.055,14.0,1.0,0.0,14.0,12.240200000000002
2225861,148491,1.0,3,-435.0,-443.0,5012.055,5012.055,8.0,1.0,0.0,8.0,6.9368
2225861,148491,1.0,2,-465.0,-471.0,5012.055,5012.055,6.0,1.0,0.0,6.0,5.152200000000001
2225861,148491,1.0,1,-495.0,-503.0,5012.055,5012.055,8.0,1.0,0.0,8.0,6.7928
1330824,243033,0.0,64,-302.0,-321.0,2250.0,2250.0,19.0,1.0,0.0,19.0,17.170299999999997
1330824,243033,0.0,65,-321.0,-321.0,4841.775,4841.775,0.0,1.0,0.0,0.0,0.0
1330824,243033,0.0,63,-329.0,-329.0,137520.315,137520.315,0.0,1.0,0.0,0.0,0.0
1330824,243033,0.0,62,-333.0,-329.0,6201.495,6201.495,-4.0,1.0,0.0,-4.0,-3.6052
1330824,243033,0.0,60,-363.0,-369.0,4900.59,4900.59,6.0,1.0,0.0,6.0,5.3358
1330824,243033,0.0,61,-369.0,-369.0,3955.41,3955.41,0.0,1.0,0.0,0.0,0.0
1330824,243033,0.0,58,-394.0,-397.0,2724.435,2724.435,3.0,1.0,0.0,3.0,2.6427
1330824,243033,0.0,59,-397.0,-397.0,358.065,358.065,0.0,1.0,0.0,0.0,0.0
2567476,243033,2.0,10,-406.0,-420.0,123629.445,123629.445,14.0,1.0,0.0,14.0,12.236
1330824,243033,0.0,57,-420.0,-420.0,67500.0,67500.0,0.0,1.0,0.0,0.0,0.0
1330824,243033,0.0,55,-424.0,-432.0,6386.76,6386.76,8.0,1.0,0.0,8.0,6.9632000000000005
1330824,243033,0.0,56,-432.0,-432.0,2613.24,2613.24,0.0,1.0,0.0,0.0,0.0
2567476,243033,1.0,9,-436.0,-435.0,8613.18,8613.18,-1.0,1.0,0.0,-1.0,-0.8695
1330824,243033,0.0,53,-455.0,-467.0,6644.34,6644.34,12.0,1.0,0.0,12.0,10.3188
2567476,243033,1.0,8,-466.0,-467.0,8613.18,8613.18,1.0,1.0,0.0,1.0,0.8599
1330824,243033,0.0,54,-467.0,-467.0,2427.66,2427.66,0.0,1.0,0.0,0.0,0.0
1330824,243033,0.0,51,-486.0,-487.0,6806.52,6806.52,1.0,1.0,0.0,1.0,0.8539
1330824,243033,0.0,52,-487.0,-487.0,537.48,537.48,0.0,1.0,0.0,0.0,0.0
2567476,243033,1.0,7,-496.0,-497.0,8613.18,8613.18,1.0,1.0,0.0,1.0,0.8509
1330824,243033,0.0,50,-516.0,-516.0,234.495,234.495,0.0,1.0,0.0,0.0,0.0
1330824,243033,0.0,49,-516.0,-516.0,6965.505,215.505,0.0,0.03093889100646687,6750.0,0.0,0.0
1330824,243033,0.0,49,-516.0,-522.0,6965.505,6750.0,6.0,0.9690611089935331,215.5050000000001,5.814366653961199,4.903836835950875
2567476,243033,1.0,6,-526.0,-534.0,8613.18,8613.18,8.0,1.0,0.0,8.0,6.7184
1330824,243033,0.0,47,-547.0,-547.0,6817.455,6817.455,0.0,1.0,0.0,0.0,0.0
1330824,243033,0.0,48,-547.0,-547.0,90.045,90.045,0.0,1.0,0.0,0.0,0.0
2567476,243033,1.0,5,-556.0,-557.0,8613.18,8613.18,1.0,1.0,0.0,1.0,0.8329
1330824,243033,0.0,45,-577.0,-577.0,6446.16,6446.16,0.0,1.0,0.0,0.0,0.0
1330824,243033,0.0,46,-577.0,-577.0,2193.84,2193.84,0.0,1.0,0.0,0.0,0.0
2567476,243033,1.0,4,-586.0,-586.0,8613.18,8613.18,0.0,1.0,0.0,0.0,0.0
1330824,243033,0.0,43,-608.0,-621.0,6586.74,6586.74,13.0,1.0,0.0,13.0,10.5781
2567476,243033,1.0,3,-616.0,-621.0,8613.18,8613.18,5.0,1.0,0.0,5.0,4.0685
1330824,243033,0.0,44,-621.0,-621.0,163.26,163.26,0.0,1.0,0.0,0.0,0.0
1330824,243033,0.0,41,-636.0,-641.0,6836.04,6836.04,5.0,1.0,0.0,5.0,4.038500000000001
1330824,243033,0.0,42,-641.0,-641.0,1803.96,1803.96,0.0,1.0,0.0,0.0,0.0
2567476,243033,1.0,2,-646.0,-647.0,8613.18,8613.18,1.0,1.0,0.0,1.0,0.8059000000000001
1329045,243033,1.0,24,-658.0,-667.0,10518.255,10518.255,9.0,1.0,0.0,9.0,7.1991000000000005
1330824,243033,0.0,40,-667.0,-667.0,865.485,865.485,0.0,1.0,0.0,0.0,0.0
1330824,243033,0.0,39,-667.0,-667.0,6649.515,6649.515,0.0,1.0,0.0,0.0,0.0
2567476,243033,1.0,1,-676.0,-682.0,8613.18,8613.18,6.0,1.0,0.0,6.0,4.7724
1329045,243033,1.0,23,-688.0,-706.0,10518.03,4914.225,18.0,0.4672191465512078,5603.805,8.40994463792174,6.628718363609916
1329045,243033,1.0,23,-688.0,-682.0,10518.03,5603.805,-6.0,0.5327808534487922,4914.225,-3.196685120692753,-2.542643344999016
1330824,243033,0.0,37,-698.0,-698.0,6813.135,6813.135,0.0,1.0,0.0,0.0,0.0
1330824,243033,0.0,38,-698.0,-698.0,530.865,530.865,0.0,1.0,0.0,0.0,0.0
1329045,243033,1.0,22,-718.0,-718.0,10518.03,10518.03,0.0,1.0,0.0,0.0,0.0
1330824,243033,0.0,36,-726.0,-726.0,23.175,23.175,0.0,1.0,0.0,0.0,0.0
1330824,243033,0.0,35,-728.0,-726.0,6726.825,6726.825,-2.0,1.0,0.0,-2.0,-1.5644
1329045,243033,1.0,21,-748.0,-750.0,10518.03,10518.03,2.0,1.0,0.0,2.0,1.55
1330824,243033,0.0,33,-759.0,-772.0,6971.58,6971.58,13.0,1.0,0.0,13.0,9.9892
1330824,243033,0.0,34,-772.0,-772.0,2028.42,2028.42,0.0,1.0,0.0,0.0,0.0
1329045,243033,1.0,20,-778.0,-780.0,10518.03,10518.03,2.0,1.0,0.0,2.0,1.532
1330824,243033,0.0,31,-789.0,-795.0,6375.51,6375.51,6.0,1.0,0.0,6.0,4.569000000000001
1330824,243033,0.0,32,-795.0,-795.0,239.49,239.49,0.0,1.0,0.0,0.0,0.0
1329045,243033,1.0,19,-808.0,-809.0,10518.03,10518.03,1.0,1.0,0.0,1.0,0.7573000000000001
1330824,243033,0.0,30,-809.0,-809.0,6457.5,6457.5,0.0,1.0,0.0,0.0,0.0
1330824,243033,0.0,29,-817.0,-817.0,1235.655,1235.655,0.0,1.0,0.0,0.0,0.0
1330824,243033,0.0,28,-820.0,-817.0,6911.37,5221.845,-3.0,0.7555441251155705,1689.5249999999996,-2.2666323753467115,-1.7110807801492325
1330824,243033,0.0,28,-820.0,-838.0,6911.37,1689.525,18.0,0.24445587488442957,5221.844999999999,4.400205747919732,3.293994022892712
1329045,243033,1.0,18,-838.0,-852.0,10518.03,10518.03,14.0,1.0,0.0,14.0,10.4216
1330824,243033,0.0,27,-851.0,-842.0,7040.475,607.5,-9.0,0.08628679172925122,6432.975,-0.776581125563261,-0.5804167332459813
1330824,243033,0.0,27,-851.0,-850.0,7040.475,4207.5,-1.0,0.5976159279025918,2832.9750000000004,-0.5976159279025918,-0.4452238662874309
1330824,243033,0.0,27,-851.0,-849.0,7040.475,1957.5,-2.0,0.27803521779425394,5082.975,-0.5560704355885079,-0.41443929564411497
1330824,243033,0.0,27,-851.0,-838.0,7040.475,267.975,-13.0,0.038062062573903044,6772.5,-0.49480681346073957,-0.37041238055670966
1329045,243033,1.0,17,-868.0,-887.0,10518.03,10518.03,19.0,1.0,0.0,19.0,13.9441
1330824,243033,0.0,25,-881.0,-887.0,6996.51,6996.51,6.0,1.0,0.0,6.0,4.4033999999999995
1330824,243033,0.0,26,-887.0,-887.0,97.605,97.605,0.0,1.0,0.0,0.0,0.0
1329045,243033,1.0,16,-898.0,-915.0,10518.03,10518.03,17.0,1.0,0.0,17.0,12.3335
1330824,243033,0.0,24,-912.0,-911.0,6855.885,6750.0,-1.0,0.9845556044186855,105.88500000000022,-0.9845556044186855,-0.7154765577310588
1330824,243033,0.0,24,-912.0,-887.0,6855.885,105.885,-25.0,0.015444395581314448,6750.0,-0.3861098895328612,-0.28336604792816683
1329045,243033,1.0,15,-928.0,-957.0,10518.03,8732.61,29.0,0.830251482454414,1785.42,24.07729299117801,17.164702173410806
1329045,243033,1.0,15,-928.0,-915.0,10518.03,1785.42,-13.0,0.169748517545586,8732.61,-2.206730728092618,-1.6009831432311945
1330824,243033,0.0,23,-933.0,-933.0,509.94,509.94,0.0,1.0,0.0,0.0,0.0
1330824,243033,0.0,22,-942.0,-942.0,6937.56,6907.5,0.0,0.9956670645010637,30.0600000000004,0.0,0.0
1330824,243033,0.0,22,-942.0,-933.0,6937.56,30.06,-9.0,0.004332935498936225,6907.5,-0.038996419490426024,-0.028081321675055778
1329045,243033,1.0,14,-958.0,-957.0,10518.03,10518.03,-1.0,1.0,0.0,-1.0,-0.7129000000000001
1330824,243033,0.0,21,-971.0,-971.0,247.59,247.59,0.0,1.0,0.0,0.0,0.0
1330824,243033,0.0,20,-973.0,-971.0,7096.41,7096.41,-2.0,1.0,0.0,-2.0,-1.4174000000000002
1329045,243033,1.0,13,-988.0,-992.0,10518.03,10518.03,4.0,1.0,0.0,4.0,2.8096
1330824,243033,0.0,19,-1002.0,-1002.0,115.515,115.515,0.0,1.0,0.0,0.0,0.0
1330824,243033,0.0,18,-1002.0,-1002.0,7084.485,7084.485,0.0,1.0,0.0,0.0,0.0
1329045,243033,1.0,12,-1018.0,-1020.0,10518.03,10518.03,2.0,1.0,0.0,2.0,1.388
1330824,243033,0.0,16,-1033.0,-1033.0,7284.69,7284.69,0.0,1.0,0.0,0.0,0.0
1330824,243033,0.0,17,-1033.0,-1033.0,815.31,815.31,0.0,1.0,0.0,0.0,0.0
1329045,243033,1.0,11,-1048.0,-1069.0,10518.03,10518.03,21.0,1.0,0.0,21.0,14.2653
1330824,243033,0.0,14,-1064.0,-1083.0,5866.785,5866.785,19.0,1.0,0.0,19.0,12.8269
1329045,243033,1.0,10,-1078.0,-1083.0,10518.03,10518.03,5.0,1.0,0.0,5.0,3.3755
1330824,243033,0.0,15,-1083.0,-1083.0,5383.215,5383.215,0.0,1.0,0.0,0.0,0.0
1330824,243033,0.0,12,-1094.0,-1104.0,6141.51,6141.51,10.0,1.0,0.0,10.0,6.688000000000001
1330824,243033,0.0,13,-1104.0,-1104.0,2858.49,2858.49,0.0,1.0,0.0,0.0,0.0
1329045,243033,1.0,9,-1108.0,-1132.0,10518.03,4790.79,24.0,0.45548358390306926,5727.240000000001,10.931606013673662,7.219232611430087
1329045,243033,1.0,9,-1108.0,-1104.0,10518.03,5727.24,-4.0,0.5445164160969307,4790.790000000001,-2.1780656643877228,-1.4566903163425091
1330824,243033,0.0,10,-1125.0,-1132.0,6412.815,6412.815,7.0,1.0,0.0,7.0,4.622800000000001
1330824,243033,0.0,11,-1132.0,-1132.0,2812.185,2812.185,0.0,1.0,0.0,0.0,0.0
1329045,243033,1.0,8,-1138.0,-1159.0,10518.03,4058.82,21.0,0.38589165461593095,6459.210000000001,8.10372474693455,5.286059652425408
1329045,243033,1.0,8,-1138.0,-1132.0,10518.03,6459.21,-6.0,0.614108345384069,4058.8200000000006,-3.684650072304414,-2.4333429077498354
1330824,243033,0.0,7,-1155.0,-1157.0,7226.64,7226.64,2.0,1.0,0.0,2.0,1.3058
1330824,243033,0.0,9,-1156.0,-1156.0,9000.0,9000.0,0.0,1.0,0.0,0.0,0.0
1330824,243033,0.0,8,-1157.0,-1157.0,4023.36,4023.36,0.0,1.0,0.0,0.0,0.0
1329045,243033,1.0,7,-1168.0,-1201.0,10518.03,3326.85,33.0,0.3162997253287925,7191.18,10.437890935850154,6.6771188316633445
1329045,243033,1.0,7,-1168.0,-1159.0,10518.03,7191.18,-9.0,0.6837002746712074,3326.8500000000004,-6.153302472040867,-4.013799202512258
1330824,243033,0.0,5,-1186.0,-1193.0,7386.345,7386.345,7.0,1.0,0.0,7.0,4.4947
1330824,243033,0.0,6,-1193.0,-1193.0,38.655,38.655,0.0,1.0,0.0,0.0,0.0
1329045,243033,1.0,6,-1198.0,-1201.0,10518.03,10518.03,3.0,1.0,0.0,3.0,1.9191000000000003
1330824,243033,0.0,4,-1216.0,-1216.0,393.03,393.03,0.0,1.0,0.0,0.0,0.0
1330824,243033,0.0,3,-1217.0,-1216.0,7031.97,7031.97,-1.0,1.0,0.0,-1.0,-0.6352
1329045,243033,1.0,5,-1228.0,-1234.0,10518.03,10518.03,6.0,1.0,0.0,6.0,3.7788000000000004
1330824,243033,0.0,1,-1247.0,-1251.0,5555.205,5555.205,4.0,1.0,0.0,4.0,2.4988
1330824,243033,0.0,2,-1251.0,-1251.0,1194.795,1194.795,0.0,1.0,0.0,0.0,0.0
1329045,243033,1.0,4,-1258.0,-1265.0,10518.03,10518.03,7.0,1.0,0.0,7.0,4.343500000000001
1329045,243033,1.0,3,-1288.0,-1296.0,10518.03,10518.03,8.0,1.0,0.0,8.0,4.8896
1329045,243033,1.0,2,-1318.0,-1321.0,10518.03,10518.03,3.0,1.0,0.0,3.0,1.8111000000000002
1329045,243033,1.0,1,-1348.0,-1358.0,10518.03,10518.03,10.0,1.0,0.0,10.0,5.926
1419479,315898,0.0,27,-35.0,-35.0,31287.465,31287.465,0.0,1.0,0.0,0.0,0.0
1419479,315898,0.0,28,-35.0,-35.0,212.535,212.535,0.0,1.0,0.0,0.0,0.0
1419479,315898,0.0,25,-65.0,-67.0,27514.71,27514.71,2.0,1.0,0.0,2.0,1.9598
1419479,315898,0.0,26,-67.0,-67.0,3985.29,3985.29,0.0,1.0,0.0,0.0,0.0
1419479,315898,0.0,23,-96.0,-98.0,27550.305,27550.305,2.0,1.0,0.0,2.0,1.9412
1419479,315898,0.0,24,-98.0,-98.0,3949.695,3949.695,0.0,1.0,0.0,0.0,0.0
1419479,315898,0.0,21,-126.0,-127.0,28343.025,28343.025,1.0,1.0,0.0,1.0,0.9619
1419479,315898,0.0,22,-127.0,-127.0,3156.975,3156.975,0.0,1.0,0.0,0.0,0.0
1419479,315898,0.0,19,-157.0,-163.0,26493.975,26493.975,6.0,1.0,0.0,6.0,5.7066
1419479,315898,0.0,20,-163.0,-163.0,506.025,506.025,0.0,1.0,0.0,0.0,0.0
1419479,315898,0.0,17,-185.0,-190.0,22518.81,22518.81,5.0,1.0,0.0,5.0,4.715
1419479,315898,0.0,18,-190.0,-190.0,4481.19,4481.19,0.0,1.0,0.0,0.0,0.0
1419479,315898,0.0,15,-216.0,-222.0,20725.695,20725.695,6.0,1.0,0.0,6.0,5.6004000000000005
1419479,315898,0.0,16,-222.0,-222.0,1774.305,1774.305,0.0,1.0,0.0,0.0,0.0
1419479,315898,0.0,13,-247.0,-249.0,21245.265,21245.265,2.0,1.0,0.0,2.0,1.8506
1419479,315898,0.0,14,-249.0,-249.0,1254.735,1254.735,0.0,1.0,0.0,0.0,0.0
1419479,315898,0.0,12,-275.0,-275.0,729.0,729.0,0.0,1.0,0.0,0.0,0.0
1419479,315898,0.0,11,-277.0,-275.0,21771.0,21771.0,-2.0,1.0,0.0,-2.0,-1.835
1419479,315898,0.0,10,-307.0,-307.0,394.335,394.335,0.0,1.0,0.0,0.0,0.0
1419479,315898,0.0,9,-308.0,-307.0,22105.665,22105.665,-1.0,1.0,0.0,-1.0,-0.9079
1419479,315898,0.0,7,-338.0,-340.0,22449.375,22449.375,2.0,1.0,0.0,2.0,1.796
1419479,315898,0.0,8,-340.0,-340.0,50.625,50.625,0.0,1.0,0.0,0.0,0.0
1419479,315898,0.0,5,-369.0,-370.0,22783.95,22783.95,1.0,1.0,0.0,1.0,0.889
1419479,315898,0.0,6,-370.0,-370.0,166.05,166.05,0.0,1.0,0.0,0.0,0.0
1419479,315898,0.0,3,-400.0,-404.0,9088.38,9088.38,4.0,1.0,0.0,4.0,3.5152
1419479,315898,0.0,4,-404.0,-404.0,4411.62,4411.62,0.0,1.0,0.0,0.0,0.0
1419479,315898,0.0,2,-428.0,-428.0,4060.485,4060.485,0.0,1.0,0.0,0.0,0.0
1419479,315898,0.0,1,-430.0,-428.0,9439.515,9439.515,-2.0,1.0,0.0,-2.0,-1.7432
1211965,315898,2.0,3,-512.0,-537.0,359607.555,359607.555,25.0,1.0,0.0,25.0,20.9725
1211965,315898,1.0,2,-542.0,-543.0,20222.505,20222.505,1.0,1.0,0.0,1.0,0.8371
1211965,315898,1.0,1,-572.0,-572.0,20222.505,20222.505,0.0,1.0,0.0,0.0,0.0
1395459,315898,2.0,16,-591.0,-602.0,35252.82,35252.82,11.0,1.0,0.0,11.0,9.0134
1395459,315898,1.0,15,-621.0,-622.0,12150.0,12150.0,1.0,1.0,0.0,1.0,0.8134
1395459,315898,1.0,14,-651.0,-709.0,12150.0,12150.0,58.0,1.0,0.0,58.0,45.6634
1395459,315898,1.0,13,-681.0,-736.0,12150.0,12150.0,55.0,1.0,0.0,55.0,42.856
1395459,315898,1.0,12,-711.0,-739.0,12150.0,12150.0,28.0,1.0,0.0,28.0,21.7924
1395459,315898,1.0,11,-741.0,-769.0,12150.0,12150.0,28.0,1.0,0.0,28.0,21.540399999999998
1395459,315898,1.0,10,-771.0,-800.0,12150.0,12150.0,29.0,1.0,0.0,29.0,22.04
1395459,315898,1.0,9,-801.0,-812.0,12150.0,12150.0,11.0,1.0,0.0,11.0,8.3204
1395459,315898,1.0,8,-831.0,-834.0,12150.0,12150.0,3.0,1.0,0.0,3.0,2.2494
1395459,315898,1.0,7,-861.0,-859.0,12150.0,11925.0,-2.0,0.9814814814814815,225.0,-1.962962962962963,-1.4571074074074073
1395459,315898,1.0,7,-861.0,-889.0,12150.0,225.0,28.0,0.018518518518518517,11925.0,0.5185185185185185,0.38022962962962964
1395459,315898,1.0,6,-891.0,-920.0,12150.0,225.0,29.0,0.018518518518518517,11925.0,0.537037037037037,0.3888148148148148
1395459,315898,1.0,6,-891.0,-889.0,12150.0,11925.0,-2.0,0.9814814814814815,225.0,-1.962962962962963,-1.4394407407407408
1395459,315898,1.0,5,-921.0,-920.0,12150.0,12150.0,-1.0,1.0,0.0,-1.0,-0.724
1395459,315898,1.0,4,-951.0,-946.0,12150.0,11925.0,-5.0,0.9814814814814815,225.0,-4.907407407407407,-3.514685185185185
1395459,315898,1.0,4,-951.0,-981.0,12150.0,225.0,30.0,0.018518518518518517,11925.0,0.5555555555555556,0.39205555555555555
1395459,315898,1.0,3,-981.0,-981.0,12150.0,12150.0,0.0,1.0,0.0,0.0,0.0
1395459,315898,1.0,2,-1011.0,-1013.0,12150.0,12150.0,2.0,1.0,0.0,2.0,1.3922
1395459,315898,1.0,1,-1041.0,-1037.0,12150.0,11925.0,-4.0,0.9814814814814815,225.0,-3.925925925925926,-2.7045703703703707
1395459,315898,1.0,1,-1041.0,-1071.0,12150.0,225.0,30.0,0.018518518518518517,11925.0,0.5555555555555556,0.37705555555555564
2579636,315898,2.0,8,-1554.0,-1581.0,12301.47,12301.47,27.0,1.0,0.0,27.0,14.193900000000001
2579636,315898,1.0,7,-1584.0,-1640.0,2895.345,2895.345,56.0,1.0,0.0,56.0,28.448
2579636,315898,1.0,6,-1614.0,-1674.0,2895.345,2895.345,60.0,1.0,0.0,60.0,29.868000000000002
2579636,315898,1.0,5,-1644.0,-1674.0,2895.345,2895.345,30.0,1.0,0.0,30.0,14.934000000000001
2579636,315898,1.0,4,-1674.0,-1703.0,2895.345,2895.345,29.0,1.0,0.0,29.0,14.183900000000003
2579636,315898,1.0,3,-1704.0,-1734.0,2895.345,2895.345,30.0,1.0,0.0,30.0,14.394
2579636,315898,1.0,2,-1734.0,-1734.0,2895.345,2895.345,0.0,1.0,0.0,0.0,0.0
2579636,315898,1.0,1,-1764.0,-1769.0,2895.345,2895.345,5.0,1.0,0.0,5.0,2.3465000000000003
1876823,315898,1.0,6,-1880.0,-1906.0,9045.18,17.82,26.0,0.0019701100475612424,9027.36,0.0512228612365923,0.021933629181508825
1876823,315898,1.0,6,-1880.0,-1875.0,9045.18,9027.36,-5.0,0.9980298899524388,17.81999999999971,-4.990149449762194,-2.18319038427096
1876823,315898,1.0,5,-1910.0,-1906.0,9045.045,9031.68,-4.0,0.9985223954109681,13.364999999999782,-3.9940895816438724,-1.7102691588599062
1876823,315898,1.0,5,-1910.0,-1931.0,9045.045,13.365,21.0,0.0014776045890318953,9031.68,0.0310296963696698,0.013054193262720087
1876823,315898,1.0,4,-1940.0,-1960.0,9045.045,13.365,20.0,0.0014776045890318953,9031.68,0.029552091780637904,0.012175461813622817
1876823,315898,1.0,4,-1940.0,-1931.0,9045.045,9031.68,-9.0,0.9985223954109681,13.364999999999782,-8.986701558698712,-3.7807053457445488
1876823,315898,1.0,3,-1970.0,-1960.0,9045.045,9036.135,-10.0,0.9990149302739788,8.909999999999854,-9.990149302739788,-4.115941512728793
1876823,315898,1.0,3,-1970.0,-1990.0,9045.045,8.91,20.0,0.0009850697260212636,9036.135,0.019701394520425273,0.007939661991731385
1876823,315898,1.0,2,-2000.0,-1990.0,9045.045,9040.59,-10.0,0.9995074651369894,4.454999999999927,-9.995074651369894,-4.0280150845020675
1876823,315898,1.0,2,-2000.0,-2025.0,9045.045,4.455,25.0,0.0004925348630106318,9040.59,0.012313371575265795,0.004832998343291825
1876823,315898,1.0,1,-2030.0,-2025.0,9045.045,9045.045,-5.0,1.0,0.0,-5.0,-1.9625000000000004
2141912,330940,1.0,12,-1037.0,-1047.0,4161.6,4161.6,10.0,1.0,0.0,10.0,6.859
2141912,330940,1.0,11,-1067.0,-1074.0,4156.02,4156.02,7.0,1.0,0.0,7.0,4.7446
2141912,330940,1.0,10,-1097.0,-1104.0,4156.02,4156.02,7.0,1.0,0.0,7.0,4.6816
2141912,330940,1.0,9,-1127.0,-1117.0,4156.02,4154.04,-10.0,0.9995235826584087,1.980000000000473,-9.995235826584087,-6.64583230109576
2141912,330940,1.0,9,-1127.0,-1173.0,4156.02,1.98,46.0,0.00047641734159123384,4154.040000000001,0.021915197713196756,0.014203239637922818
2141912,330940,1.0,8,-1157.0,-1173.0,4156.02,4156.02,16.0,1.0,0.0,16.0,10.3696
2141912,330940,1.0,7,-1187.0,-1196.0,4156.02,4156.02,9.0,1.0,0.0,9.0,5.7707999999999995
2141912,330940,1.0,6,-1217.0,-1237.0,4156.02,4156.02,20.0,1.0,0.0,20.0,12.578
2141912,330940,1.0,5,-1247.0,-1260.0,4156.02,4156.02,13.0,1.0,0.0,13.0,8.086000000000002
2141912,330940,1.0,4,-1277.0,-1293.0,4156.02,4156.02,16.0,1.0,0.0,16.0,9.793600000000001
2141912,330940,1.0,3,-1307.0,-1326.0,4156.02,4156.02,19.0,1.0,0.0,19.0,11.4418
2141912,330940,1.0,2,-1337.0,-1354.0,4156.02,4156.02,17.0,1.0,0.0,17.0,10.094600000000002
2141912,330940,1.0,1,-1367.0,-1356.0,4156.02,4156.02,-11.0,1.0,0.0,-11.0,-6.525200000000001
2225653,331327,2.0,4,-594.0,-623.0,66183.75,66183.75,29.0,1.0,0.0,29.0,23.579900000000002
2480379,331327,2.0,4,-599.0,-623.0,72826.92,72826.92,24.0,1.0,0.0,24.0,19.514400000000002
2660246,331327,2.0,1,-606.0,-623.0,147823.965,147823.965,17.0,1.0,0.0,17.0,13.822700000000001
2702536,331327,2.0,1,-606.0,-623.0,110346.57,110346.57,17.0,1.0,0.0,17.0,13.822700000000001
2225653,331327,1.0,3,-624.0,-636.0,8515.665,8515.665,12.0,1.0,0.0,12.0,9.7104
2480379,331327,1.0,3,-629.0,-636.0,9245.025,9245.025,7.0,1.0,0.0,7.0,5.6644000000000005
2225653,331327,1.0,2,-654.0,-672.0,8515.665,8515.665,18.0,1.0,0.0,18.0,14.3712
2480379,331327,1.0,2,-659.0,-672.0,9245.025,9245.025,13.0,1.0,0.0,13.0,10.3792
2225653,331327,1.0,1,-684.0,-700.0,8515.665,8515.665,16.0,1.0,0.0,16.0,12.64
2480379,331327,1.0,1,-689.0,-700.0,9245.025,9245.025,11.0,1.0,0.0,11.0,8.690000000000001
1156079,331327,1.0,6,-1197.0,-1216.0,6740.235,6740.235,19.0,1.0,0.0,19.0,12.0688
1156079,331327,1.0,5,-1227.0,-1219.0,6731.145,6731.145,-8.0,1.0,0.0,-8.0,-5.074400000000001
1156079,331327,1.0,4,-1257.0,-1275.0,6731.145,6731.145,18.0,1.0,0.0,18.0,11.115
1156079,331327,1.0,3,-1287.0,-1332.0,6731.145,6731.145,45.0,1.0,0.0,45.0,27.018
1156079,331327,1.0,2,-1317.0,-1332.0,6731.145,6731.145,15.0,1.0,0.0,15.0,9.006
1156079,331327,1.0,1,-1347.0,-1366.0,6731.145,6731.145,19.0,1.0,0.0,19.0,11.2138
1870225,360483,1.0,4,-7.0,-27.0,5988.51,5988.51,20.0,1.0,0.0,20.0,19.838
1475124,360483,0.0,30,-10.0,-10.0,1.215,1.215,0.0,1.0,0.0,0.0,0.0
2167712,360483,1.0,24,-19.0,-27.0,14762.16,14762.16,8.0,1.0,0.0,8.0,7.9352
1870225,360483,1.0,3,-37.0,-49.0,5988.51,5988.51,12.0,1.0,0.0,12.0,11.823599999999999
1475124,360483,0.0,29,-40.0,-40.0,1.215,1.215,0.0,1.0,0.0,0.0,0.0
2167712,360483,1.0,23,-49.0,-49.0,14871.24,14871.24,0.0,1.0,0.0,0.0,0.0
1870225,360483,1.0,2,-67.0,-90.0,5988.51,5988.51,23.0,1.0,0.0,23.0,22.378999999999998
1475124,360483,0.0,28,-71.0,-71.0,1.215,1.215,0.0,1.0,0.0,0.0,0.0
2167712,360483,1.0,22,-79.0,-90.0,14871.24,14871.24,11.0,1.0,0.0,11.0,10.703
1870225,360483,1.0,1,-97.0,-117.0,5988.51,5988.51,20.0,1.0,0.0,20.0,19.298
1475124,360483,0.0,27,-101.0,-101.0,1.215,1.215,0.0,1.0,0.0,0.0,0.0
2167712,360483,1.0,21,-109.0,-117.0,14871.24,14871.24,8.0,1.0,0.0,8.0,7.7192
1475124,360483,0.0,26,-132.0,-132.0,1.215,1.215,0.0,1.0,0.0,0.0,0.0
2167712,360483,1.0,20,-139.0,-146.0,14871.24,14871.24,7.0,1.0,0.0,7.0,6.6934000000000005
1475124,360483,0.0,25,-163.0,-163.0,1.215,1.215,0.0,1.0,0.0,0.0,0.0
2167712,360483,1.0,19,-169.0,-174.0,14871.24,14871.24,5.0,1.0,0.0,5.0,4.739
1475124,360483,0.0,24,-193.0,-193.0,1.215,1.215,0.0,1.0,0.0,0.0,0.0
2167712,360483,1.0,18,-199.0,-209.0,14871.24,14871.24,10.0,1.0,0.0,10.0,9.373000000000001
1475124,360483,0.0,23,-224.0,-224.0,1.215,1.215,0.0,1.0,0.0,0.0,0.0
2167712,360483,1.0,17,-229.0,-243.0,14871.24,14871.24,14.0,1.0,0.0,14.0,12.9794
1475124,360483,0.0,22,-254.0,-254.0,1.215,1.215,0.0,1.0,0.0,0.0,0.0
2167712,360483,1.0,16,-259.0,-258.0,14871.24,14871.24,-1.0,1.0,0.0,-1.0,-0.9226
1475124,360483,0.0,21,-285.0,-285.0,1.215,1.215,0.0,1.0,0.0,0.0,0.0
2167712,360483,1.0,15,-289.0,-293.0,14871.24,14871.24,4.0,1.0,0.0,4.0,3.6484
1475124,360483,0.0,20,-313.0,-313.0,1.215,1.215,0.0,1.0,0.0,0.0,0.0
2167712,360483,1.0,14,-319.0,-332.0,14871.24,14871.24,13.0,1.0,0.0,13.0,11.7052
1475124,360483,0.0,19,-344.0,-344.0,1.215,1.215,0.0,1.0,0.0,0.0,0.0
2167712,360483,1.0,13,-349.0,-363.0,14871.24,14871.24,14.0,1.0,0.0,14.0,12.4754
1475124,360483,0.0,18,-375.0,-375.0,1.215,1.215,0.0,1.0,0.0,0.0,0.0
2167712,360483,1.0,12,-379.0,-392.0,14871.24,14871.24,13.0,1.0,0.0,13.0,11.4712
1475124,360483,0.0,17,-405.0,-405.0,1.215,1.215,0.0,1.0,0.0,0.0,0.0
2167712,360483,1.0,11,-409.0,-399.0,14871.24,13396.14,-10.0,0.9008085405117529,1475.1000000000004,-9.008085405117528,-7.92981758212496
2167712,360483,1.0,11,-409.0,-565.0,14871.24,1475.1,156.0,0.0991914594882471,13396.14,15.47386768016655,12.851047108378319
1475124,360483,0.0,16,-436.0,-436.0,1.215,1.215,0.0,1.0,0.0,0.0,0.0
2167712,360483,1.0,10,-439.0,-565.0,14871.24,14871.24,126.0,1.0,0.0,126.0,104.643
1475124,360483,0.0,15,-466.0,-466.0,1.215,1.215,0.0,1.0,0.0,0.0,0.0
2167712,360483,1.0,9,-469.0,-565.0,14871.24,14871.24,96.0,1.0,0.0,96.0,79.72800000000001
1475124,360483,0.0,14,-497.0,-497.0,1.215,1.215,0.0,1.0,0.0,0.0,0.0
2167712,360483,1.0,8,-499.0,-565.0,14871.24,14871.24,66.0,1.0,0.0,66.0,54.813
1475124,360483,0.0,13,-528.0,-528.0,1.215,1.215,0.0,1.0,0.0,0.0,0.0
2167712,360483,1.0,7,-529.0,-565.0,14871.24,14871.24,36.0,1.0,0.0,36.0,29.898
1475124,360483,0.0,11,-539.0,-558.0,2250.0,2250.0,19.0,1.0,0.0,19.0,15.8194
1475124,360483,0.0,12,-558.0,-558.0,3128.445,3128.445,0.0,1.0,0.0,0.0,0.0
2167712,360483,1.0,6,-559.0,-565.0,14871.24,14871.24,6.0,1.0,0.0,6.0,4.9830000000000005
1475124,360483,0.0,10,-565.0,-565.0,228066.57,228066.57,0.0,1.0,0.0,0.0,0.0
1475124,360483,0.0,9,-570.0,-565.0,11720.43,11720.43,-5.0,1.0,0.0,-5.0,-4.1525
2167712,360483,1.0,5,-589.0,-588.0,14871.24,14871.24,-1.0,1.0,0.0,-1.0,-0.8236
1475124,360483,0.0,7,-600.0,-601.0,11517.525,11517.525,1.0,1.0,0.0,1.0,0.8197
1475124,360483,0.0,8,-601.0,-601.0,182.475,182.475,0.0,1.0,0.0,0.0,0.0
2167712,360483,1.0,4,-619.0,-619.0,14871.24,14871.24,0.0,1.0,0.0,0.0,0.0
1475124,360483,0.0,6,-628.0,-628.0,16.335,16.335,0.0,1.0,0.0,0.0,0.0
1475124,360483,0.0,5,-631.0,-628.0,11683.665,11683.665,-3.0,1.0,0.0,-3.0,-2.4348
2167712,360483,1.0,3,-649.0,-650.0,14871.24,14871.24,1.0,1.0,0.0,1.0,0.805
1475124,360483,0.0,3,-659.0,-661.0,11695.59,11695.59,2.0,1.0,0.0,2.0,1.6034000000000002
1475124,360483,0.0,4,-661.0,-661.0,4.41,4.41,0.0,1.0,0.0,0.0,0.0
2167712,360483,1.0,2,-679.0,-693.0,14871.24,14871.24,14.0,1.0,0.0,14.0,11.089400000000001
1475124,360483,0.0,1,-690.0,-693.0,2361.24,2361.24,3.0,1.0,0.0,3.0,2.3763
1475124,360483,0.0,2,-693.0,-693.0,338.76,338.76,0.0,1.0,0.0,0.0,0.0
2167712,360483,1.0,1,-709.0,-739.0,14871.24,14871.24,30.0,1.0,0.0,30.0,23.349
2366749,360483,2.0,10,-1316.0,-1341.0,59075.01,59075.01,25.0,1.0,0.0,25.0,14.9425
2366749,360483,1.0,9,-1346.0,-1358.0,4244.49,4244.49,12.0,1.0,0.0,12.0,7.1112
2366749,360483,1.0,8,-1376.0,-1386.0,4244.49,4244.49,10.0,1.0,0.0,10.0,5.8420000000000005
2366749,360483,1.0,7,-1406.0,-1426.0,4244.49,4244.49,20.0,1.0,0.0,20.0,11.444
2366749,360483,1.0,6,-1436.0,-1463.0,4244.49,4244.49,27.0,1.0,0.0,27.0,15.149700000000001
2366749,360483,1.0,5,-1466.0,-1484.0,4244.49,4244.49,18.0,1.0,0.0,18.0,9.9864
2366749,360483,1.0,4,-1496.0,-1519.0,4244.49,4244.49,23.0,1.0,0.0,23.0,12.5189
2366749,360483,1.0,3,-1526.0,-1536.0,4244.49,4244.49,10.0,1.0,0.0,10.0,5.392
2366749,360483,1.0,2,-1556.0,-1594.0,4244.49,4244.49,38.0,1.0,0.0,38.0,19.828400000000002
2366749,360483,1.0,1,-1586.0,-1605.0,4244.49,4244.49,19.0,1.0,0.0,19.0,9.8515
1870277,360483,1.0,6,-1603.0,-1605.0,6810.075,6810.075,2.0,1.0,0.0,2.0,1.037
1870277,360483,1.0,5,-1633.0,-1658.0,6806.7,180.54,25.0,0.02652386619066508,6626.16,0.663096654766627,0.3332723786857068
1870277,360483,1.0,5,-1633.0,-1630.0,6806.7,6626.16,-3.0,0.973476133809335,180.53999999999996,-2.920428401428005,-1.492338913129711
1870277,360483,1.0,4,-1663.0,-1703.0,6806.7,57.24,40.0,0.008409361364537883,6749.46,0.3363744545815153,0.16452074573581918
1870277,360483,1.0,4,-1663.0,-1658.0,6806.7,6749.46,-5.0,0.9915906386354622,57.23999999999978,-4.95795319317731,-2.4918672748909163
1870277,360483,1.0,3,-1693.0,-1703.0,6806.7,6806.7,10.0,1.0,0.0,10.0,4.891000000000001
1870277,360483,1.0,2,-1723.0,-1733.0,6806.7,6806.7,10.0,1.0,0.0,10.0,4.801000000000001
2115379,360483,2.0,12,-1723.0,-1733.0,8713.26,8713.26,10.0,1.0,0.0,10.0,4.801000000000001
2115379,360483,2.0,11,-1753.0,-1749.0,8775.945,1871.1,-4.0,0.2132078083898657,6904.844999999999,-0.8528312335594628,-0.4053506853108127
2115379,360483,2.0,11,-1753.0,-1777.0,8775.945,6904.845,24.0,0.7867921916101344,1871.0999999999995,18.883012598643226,8.816478582306525
1870277,360483,1.0,1,-1753.0,-1749.0,6806.7,6806.7,-4.0,1.0,0.0,-4.0,-1.9012000000000002
2115379,360483,2.0,10,-1783.0,-1783.0,8775.945,92.79,0.0,0.01057322031986299,8683.154999999999,0.0,0.0
2115379,360483,2.0,10,-1783.0,-1777.0,8775.945,8683.155,-6.0,0.9894267796801371,92.78999999999905,-5.936560678080823,-2.7717801805959366
2115379,360483,2.0,9,-1813.0,-1813.0,8775.945,8775.945,0.0,1.0,0.0,0.0,0.0
2115379,360483,2.0,8,-1843.0,-1844.0,8775.945,8775.945,1.0,1.0,0.0,1.0,0.4468000000000001
2115379,360483,1.0,7,-1873.0,-1844.0,8906.445,89.82,-29.0,0.010084831826840002,8816.625,-0.29246012297836005,-0.1306711829467313
2115379,360483,1.0,7,-1873.0,-1872.0,8906.445,8816.625,-1.0,0.98991516817316,89.81999999999971,-0.98991516817316,-0.4339788097271134
2115379,360483,1.0,6,-1903.0,-1903.0,8906.445,8906.445,0.0,1.0,0.0,0.0,0.0
2115379,360483,1.0,5,-1933.0,-1937.0,8906.445,8906.445,4.0,1.0,0.0,4.0,1.6756000000000002
2115379,360483,1.0,4,-1963.0,-1967.0,8906.445,8906.445,4.0,1.0,0.0,4.0,1.6396000000000002
2115379,360483,1.0,3,-1993.0,-1995.0,8906.445,8906.445,2.0,1.0,0.0,2.0,0.8030000000000002
2115379,360483,1.0,2,-2023.0,-2026.0,8906.445,8906.445,3.0,1.0,0.0,3.0,1.1766000000000003
2115379,360483,1.0,1,-2053.0,-2058.0,8906.445,8906.445,5.0,1.0,0.0,5.0,1.9130000000000003
1058153,360483,1.0,6,-2107.0,-2188.0,8958.465,8958.465,81.0,1.0,0.0,81.0,27.8316
1058153,360483,1.0,5,-2137.0,-2188.0,8981.82,8981.82,51.0,1.0,0.0,51.0,17.523600000000002
1058153,360483,1.0,4,-2167.0,-2188.0,8981.82,8981.82,21.0,1.0,0.0,21.0,7.2156
1058153,360483,1.0,3,-2197.0,-2210.0,8981.82,8981.82,13.0,1.0,0.0,13.0,4.381000000000001
1058153,360483,1.0,2,-2227.0,-2237.0,8981.82,8981.82,10.0,1.0,0.0,10.0,3.2890000000000006
1058153,360483,1.0,1,-2257.0,-2265.0,8981.82,8981.82,8.0,1.0,0.0,8.0,2.564
1661340,367214,4.0,25,-15.0,-10.0,58304.295,58106.07,-5.0,0.9966001647048472,198.22499999999854,-4.983000823524236,-4.968051821053663
1661340,367214,4.0,25,-15.0,-45.0,58304.295,198.225,30.0,0.003399835295152784,58106.07,0.10199505885458353,0.10061812556004665
1661340,367214,4.0,24,-45.0,-45.0,58304.295,58304.295,0.0,1.0,0.0,0.0,0.0
1661340,367214,2.0,23,-75.0,-76.0,60360.525,108900.0,1.0,1.8041592580581431,-48539.475,1.8041592580581431,1.7630244269744173
1661340,367214,3.0,23,-75.0,-76.0,48539.475,108900.0,1.0,2.243534772471272,-60360.525,2.243534772471272,2.192382179658927
1661340,367214,2.0,22,-105.0,-135.0,60360.525,60360.525,30.0,1.0,0.0,30.0,28.785
1661340,367214,2.0,21,-135.0,-168.0,60360.525,60360.525,33.0,1.0,0.0,33.0,31.3368
1661340,367214,2.0,20,-165.0,-196.0,60360.525,60360.525,31.0,1.0,0.0,31.0,29.177200000000003
1661340,367214,1.0,19,-195.0,-232.0,60230.025,60230.025,37.0,1.0,0.0,37.0,34.4248
1661340,367214,1.0,18,-225.0,-257.0,60230.025,60230.025,32.0,1.0,0.0,32.0,29.5328
1661340,367214,1.0,17,-255.0,-290.0,60230.025,60230.025,35.0,1.0,0.0,35.0,31.955000000000002
1661340,367214,1.0,16,-285.0,-316.0,60230.025,60230.025,31.0,1.0,0.0,31.0,28.0612
1661340,367214,1.0,15,-315.0,-316.0,60230.025,60230.025,1.0,1.0,0.0,1.0,0.9052
1661340,367214,1.0,14,-345.0,-352.0,60230.025,60230.025,7.0,1.0,0.0,7.0,6.2608
1661340,367214,1.0,13,-375.0,-380.0,60230.025,60230.025,5.0,1.0,0.0,5.0,4.43
1661340,367214,1.0,12,-405.0,-407.0,60230.025,60230.025,2.0,1.0,0.0,2.0,1.7558
1661340,367214,1.0,11,-435.0,-440.0,60230.025,60230.025,5.0,1.0,0.0,5.0,4.34
1661340,367214,1.0,10,-465.0,-471.0,60230.025,60230.025,6.0,1.0,0.0,6.0,5.152200000000001
1661340,367214,1.0,9,-495.0,-501.0,60230.025,60230.025,6.0,1.0,0.0,6.0,5.0982
1661340,367214,1.0,8,-525.0,-532.0,60230.025,60230.025,7.0,1.0,0.0,7.0,5.8828000000000005
1661340,367214,1.0,7,-555.0,-554.0,60230.025,60230.025,-1.0,1.0,0.0,-1.0,-0.8338
1661340,367214,1.0,6,-585.0,-590.0,60230.025,60230.025,5.0,1.0,0.0,5.0,4.115
1661340,367214,1.0,5,-615.0,-617.0,60230.025,60230.025,2.0,1.0,0.0,2.0,1.6298
1728601,367214,2.0,6,-639.0,-649.0,15210.54,15210.54,10.0,1.0,0.0,10.0,8.053
1661340,367214,1.0,4,-645.0,-649.0,60230.025,60230.025,4.0,1.0,0.0,4.0,3.2212
1728601,367214,2.0,5,-669.0,-674.0,15227.82,15227.82,5.0,1.0,0.0,5.0,3.9890000000000003
1661340,367214,1.0,3,-675.0,-674.0,60230.025,60230.025,-1.0,1.0,0.0,-1.0,-0.7978000000000001
1728601,367214,2.0,4,-699.0,-706.0,15227.82,15227.82,7.0,1.0,0.0,7.0,5.5174
1661340,367214,1.0,2,-705.0,-706.0,60230.025,60230.025,1.0,1.0,0.0,1.0,0.7882
1728601,367214,2.0,3,-729.0,-744.0,15227.82,15227.82,15.0,1.0,0.0,15.0,11.652000000000001
1956092,367214,1.0,12,-734.0,-744.0,13504.77,13504.77,10.0,1.0,0.0,10.0,7.768000000000001
1661340,367214,1.0,1,-735.0,-744.0,60230.025,60230.025,9.0,1.0,0.0,9.0,6.9912
1728601,367214,2.0,2,-759.0,-765.0,15227.82,15227.82,6.0,1.0,0.0,6.0,4.622999999999999
1956092,367214,1.0,11,-764.0,-765.0,13573.26,13573.26,1.0,1.0,0.0,1.0,0.7705
1728601,367214,1.0,1,-789.0,-801.0,15097.32,15097.32,12.0,1.0,0.0,12.0,9.1164
1956092,367214,1.0,10,-794.0,-801.0,13573.26,13573.26,7.0,1.0,0.0,7.0,5.3179
1956092,367214,1.0,9,-824.0,-821.0,13573.26,13573.26,-3.0,1.0,0.0,-3.0,-2.2611
1956092,367214,1.0,8,-854.0,-855.0,13573.26,13573.26,1.0,1.0,0.0,1.0,0.7435
1956092,367214,1.0,7,-884.0,-883.0,13573.26,13573.26,-1.0,1.0,0.0,-1.0,-0.7351000000000001
1956092,367214,1.0,6,-914.0,-912.0,13573.26,13573.26,-2.0,1.0,0.0,-2.0,-1.4528
1956092,367214,1.0,5,-944.0,-951.0,13573.26,13573.26,7.0,1.0,0.0,7.0,5.0029
1956092,367214,1.0,4,-974.0,-973.0,13573.26,13573.26,-1.0,1.0,0.0,-1.0,-0.7081
1956092,367214,1.0,3,-1004.0,-1008.0,13573.26,13573.26,4.0,1.0,0.0,4.0,2.7904
1956092,367214,1.0,2,-1034.0,-1043.0,13573.26,13573.26,9.0,1.0,0.0,9.0,6.1839
1956092,367214,1.0,1,-1064.0,-1070.0,13573.26,13573.26,6.0,1.0,0.0,6.0,4.074
1516228,367214,2.0,7,-1546.0,-1561.0,4731.12,4731.12,15.0,1.0,0.0,15.0,7.975500000000001
1516228,367214,1.0,6,-1576.0,-1590.0,2434.68,2434.68,14.0,1.0,0.0,14.0,7.322
1516228,367214,1.0,5,-1606.0,-1623.0,2434.68,2434.68,17.0,1.0,0.0,17.0,8.722700000000001
1516228,367214,1.0,4,-1636.0,-1653.0,2434.68,2434.68,17.0,1.0,0.0,17.0,8.5697
1516228,367214,1.0,3,-1666.0,-1673.0,2434.68,2434.68,7.0,1.0,0.0,7.0,3.486700000000001
1516228,367214,1.0,2,-1696.0,-1708.0,2434.68,2434.68,12.0,1.0,0.0,12.0,5.8512
1516228,367214,1.0,1,-1726.0,-1736.0,2434.68,2434.68,10.0,1.0,0.0,10.0,4.792000000000001
1231486,367214,1.0,12,-1807.0,-1834.0,14129.73,14129.73,27.0,1.0,0.0,27.0,12.144600000000002
1231486,367214,1.0,11,-1837.0,-1861.0,14110.695,14110.695,24.0,1.0,0.0,24.0,10.600800000000003
1231486,367214,1.0,10,-1867.0,-1897.0,14110.695,14110.695,30.0,1.0,0.0,30.0,12.927000000000001
1231486,367214,1.0,9,-1897.0,-1960.0,14110.695,14110.695,63.0,1.0,0.0,63.0,25.956000000000003
1231486,367214,1.0,8,-1927.0,-1960.0,14110.695,14110.695,33.0,1.0,0.0,33.0,13.596000000000002
1231486,367214,1.0,7,-1957.0,-1998.0,14110.695,14110.695,41.0,1.0,0.0,41.0,16.4246
1231486,367214,1.0,6,-1987.0,-2030.0,14110.695,14110.695,43.0,1.0,0.0,43.0,16.813000000000002
1231486,367214,1.0,5,-2017.0,-2030.0,14110.695,14110.695,13.0,1.0,0.0,13.0,5.083
1231486,367214,1.0,4,-2047.0,-2061.0,14110.695,14110.695,14.0,1.0,0.0,14.0,5.343800000000001
1231486,367214,1.0,3,-2077.0,-2106.0,14110.695,19.035,29.0,0.0013489767867564284,14091.66,0.039120326815936426,0.014404104333627795
1231486,367214,1.0,3,-2077.0,-2073.0,14110.695,14091.66,-4.0,0.9986510232132436,19.034999999999854,-3.9946040928529745,-1.51035980750771
1231486,367214,1.0,2,-2107.0,-2106.0,14110.695,14110.695,-1.0,1.0,0.0,-1.0,-0.3682000000000001
1231486,367214,1.0,1,-2137.0,-2131.0,14110.695,14110.695,-6.0,1.0,0.0,-6.0,-2.1642
1175740,384907,1.0,8,-1658.0,-1687.0,3665.925,12.96,29.0,0.0035352605413367703,3652.965,0.10252255569876634,0.050635890259620696
1175740,384907,1.0,8,-1658.0,-1656.0,3665.925,3652.965,-2.0,0.9964647394586632,12.960000000000036,-1.9929294789173264,-1.002842113791199
1175740,384907,1.0,7,-1688.0,-1687.0,3677.04,3677.04,-1.0,1.0,0.0,-1.0,-0.4939
1175740,384907,1.0,6,-1718.0,-1746.0,3677.04,12.96,28.0,0.00352457411396123,3664.08,0.09868807519091444,0.04699526140591346
1175740,384907,1.0,6,-1718.0,-1716.0,3677.04,3664.08,-2.0,0.9964754258860388,12.960000000000036,-1.9929508517720775,-0.9669797532798122
1175740,384907,1.0,5,-1748.0,-1746.0,3677.04,3664.08,-2.0,0.9964754258860388,12.960000000000036,-1.9929508517720775,-0.9490431956138634
1175740,384907,1.0,5,-1748.0,-1774.0,3677.04,12.96,26.0,0.00352457411396123,3664.08,0.09163892696299199,0.04286869003328765
1175740,384907,1.0,4,-1778.0,-1774.0,3677.04,3664.08,-4.0,0.9964754258860388,12.960000000000036,-3.985901703544155,-1.8646048169179557
1175740,384907,1.0,4,-1778.0,-1807.0,3677.04,12.96,29.0,0.00352457411396123,3664.08,0.10221264930487567,0.046803172116702575
1175740,384907,1.0,3,-1808.0,-1807.0,3677.04,3677.04,-1.0,1.0,0.0,-1.0,-0.4579000000000001
1175740,384907,1.0,2,-1838.0,-1837.0,3677.04,3677.04,-1.0,1.0,0.0,-1.0,-0.4489000000000001
1175740,384907,1.0,1,-1868.0,-1893.0,3677.04,3677.04,25.0,1.0,0.0,25.0,10.8025
2618334,384907,2.0,5,-2357.0,-2377.0,10696.59,10696.59,20.0,1.0,0.0,20.0,5.738000000000001
2618334,384907,1.0,4,-2387.0,-2479.0,5409.855,5409.855,92.0,1.0,0.0,92.0,23.579600000000006
2618334,384907,1.0,3,-2417.0,-2507.0,5409.855,5409.855,90.0,1.0,0.0,90.0,22.31100000000001
2618334,384907,1.0,2,-2447.0,-2507.0,5409.855,5409.855,60.0,1.0,0.0,60.0,14.874000000000008
2618334,384907,1.0,1,-2477.0,-2507.0,5409.855,5409.855,30.0,1.0,0.0,30.0,7.437000000000004
2705610,415990,1.0,4,-7.0,-9.0,26729.91,26729.91,2.0,1.0,0.0,2.0,1.9946
2705610,415990,1.0,3,-37.0,-38.0,26729.91,26729.91,1.0,1.0,0.0,1.0,0.9886
2705610,415990,1.0,2,-67.0,-66.0,26729.91,26729.91,-1.0,1.0,0.0,-1.0,-0.9802
2705610,415990,1.0,1,-97.0,-100.0,26729.91,26729.91,3.0,1.0,0.0,3.0,2.91
1569090,415990,3.0,9,-107.0,-127.0,17774.505,17774.505,20.0,1.0,0.0,20.0,19.238
1569090,415990,1.0,8,-137.0,-161.0,8995.545,8995.545,24.0,1.0,0.0,24.0,22.8408
1569090,415990,1.0,7,-167.0,-180.0,8995.545,8995.545,13.0,1.0,0.0,13.0,12.298
1569090,415990,1.0,6,-197.0,-205.0,8995.545,8995.545,8.0,1.0,0.0,8.0,7.508
1569090,415990,1.0,5,-227.0,-233.0,8995.545,8995.545,6.0,1.0,0.0,6.0,5.5806000000000004
1569090,415990,1.0,4,-257.0,-268.0,8995.545,8995.545,11.0,1.0,0.0,11.0,10.1156
1569090,415990,1.0,3,-287.0,-299.0,8995.545,8995.545,12.0,1.0,0.0,12.0,10.9236
1569090,415990,1.0,2,-317.0,-344.0,8995.545,8995.545,27.0,1.0,0.0,27.0,24.2136
1569090,415990,1.0,1,-347.0,-364.0,8995.545,8995.545,17.0,1.0,0.0,17.0,15.143600000000001
2229517,415990,1.0,8,-2679.0,-2707.0,3109.815,267.75,28.0,0.08609836919559523,2842.065,2.4107543374766665,0.4529807400118658
2229517,415990,1.0,8,-2679.0,-2676.0,3109.815,2842.065,-3.0,0.9139016308044048,267.75,-2.7417048924132144,-0.540664204783886
2229517,415990,1.0,7,-2709.0,-2707.0,3111.75,2882.25,-2.0,0.9262472885032538,229.5,-1.8524945770065075,-0.3480837310195229
2229517,415990,1.0,7,-2709.0,-2739.0,3111.75,229.5,30.0,0.0737527114967462,2882.25,2.212581344902386,0.3945032537960957
2229517,415990,1.0,6,-2739.0,-2739.0,3111.75,3111.75,0.0,1.0,0.0,0.0,0.0
2229517,415990,1.0,5,-2769.0,-2806.0,3111.75,153.0,37.0,0.049168474331164135,2958.75,1.819233550253073,0.2878027476500364
2229517,415990,1.0,5,-2769.0,-2767.0,3111.75,2958.75,-2.0,0.9508315256688359,153.0,-1.9016630513376718,-0.32309255242227053
2229517,415990,1.0,4,-2799.0,-2799.0,3111.75,3111.75,0.0,1.0,0.0,0.0,0.0
2229517,415990,1.0,3,-2829.0,-2829.0,3111.75,3111.75,0.0,1.0,0.0,0.0,0.0
2229517,415990,1.0,2,-2859.0,-2858.0,3111.75,3111.75,-1.0,1.0,0.0,-1.0,-0.14260000000000006
2229517,415990,1.0,1,-2889.0,-2889.0,3111.75,3111.75,0.0,1.0,0.0,0.0,0.0
2328807,442390,2.0,11,-240.0,-243.0,23551.155,23551.155,3.0,1.0,0.0,3.0,2.7813
2328807,442390,1.0,10,-270.0,-277.0,12048.705,12048.705,7.0,1.0,0.0,7.0,6.4183
2328807,442390,1.0,9,-300.0,-305.0,12048.705,12048.705,5.0,1.0,0.0,5.0,4.5424999999999995
2328807,442390,1.0,8,-330.0,-334.0,12048.705,12048.705,4.0,1.0,0.0,4.0,3.5992
2328807,442390,1.0,7,-360.0,-368.0,12048.705,12048.705,8.0,1.0,0.0,8.0,7.1168000000000005
2328807,442390,1.0,6,-390.0,-385.0,12048.705,12048.705,-5.0,1.0,0.0,-5.0,-4.4225
2328807,442390,1.0,5,-420.0,-414.0,12048.705,11538.0,-6.0,0.9576132870711002,510.7049999999999,-5.745679722426601,-5.032066300901217
2328807,442390,1.0,5,-420.0,-385.0,12048.705,103.455,-35.0,0.00858639994920616,11945.25,-0.3005239982222156,-0.2658134764275497
2328807,442390,1.0,5,-420.0,-450.0,12048.705,407.25,30.0,0.033800312979693665,11641.455,1.01400938939081,0.8771181218230506
2328807,442390,1.0,4,-450.0,-450.0,12048.705,12048.705,0.0,1.0,0.0,0.0,0.0
2328807,442390,1.0,3,-480.0,-505.0,12048.705,204.66,25.0,0.016986057837751027,11844.045,0.4246514459437757,0.3603167518832937
2328807,442390,1.0,3,-480.0,-472.0,12048.705,11844.045,-8.0,0.983013942162249,204.65999999999985,-7.864111537297992,-6.7505533436165965
2328807,442390,1.0,2,-510.0,-505.0,12048.705,11945.34,-5.0,0.9914210697332203,103.36499999999978,-4.957105348666102,-4.206103888343187
2328807,442390,1.0,2,-510.0,-538.0,12048.705,103.365,28.0,0.008578930266779708,11945.34,0.24021004746983182,0.20144014580820097
2328807,442390,1.0,1,-540.0,-538.0,12048.705,12046.635,-2.0,0.9998281973041916,2.069999999999709,-1.9996563946083832,-1.6769118525185902
2328807,442390,1.0,1,-540.0,-570.0,12048.705,2.07,30.0,0.0001718026958083877,12046.635,0.00515408087425163,0.004272733044754601
2366739,442390,2.0,5,-548.0,-570.0,17453.745,17453.745,22.0,1.0,0.0,22.0,18.238
2599816,442390,2.0,10,-563.0,-570.0,17221.14,17221.14,7.0,1.0,0.0,7.0,5.803
2366739,442390,1.0,4,-578.0,-584.0,2791.845,2791.845,6.0,1.0,0.0,6.0,4.9488
1360805,442390,2.0,10,-588.0,-609.0,12716.595,12716.595,21.0,1.0,0.0,21.0,17.1633
2599816,442390,1.0,9,-593.0,-609.0,6024.06,6024.06,16.0,1.0,0.0,16.0,13.0768
2366739,442390,1.0,3,-608.0,-619.0,2791.845,2791.845,11.0,1.0,0.0,11.0,8.9573
1360805,442390,1.0,9,-618.0,-619.0,4275.045,4275.045,1.0,1.0,0.0,1.0,0.8143
2599816,442390,1.0,8,-623.0,-619.0,6024.06,5542.155,-4.0,0.9200032868198523,481.90500000000065,-3.6800131472794093,-2.996634705829623
2599816,442390,1.0,8,-623.0,-637.0,6024.06,481.905,14.0,0.0799967131801476,5542.155000000001,1.1199539845220665,0.9059307780798995
2366739,442390,1.0,2,-638.0,-637.0,2791.845,2791.845,-1.0,1.0,0.0,-1.0,-0.8089
1360805,442390,1.0,8,-648.0,-646.0,4275.045,474.795,-2.0,0.1110619888211703,3800.25,-0.2221239776423406,-0.179076350775255
1360805,442390,1.0,8,-648.0,-639.0,4275.045,3800.25,-9.0,0.8889380111788296,474.7950000000001,-8.000442100609467,-6.4667573499226325
2599816,442390,1.0,7,-653.0,-646.0,6024.06,5600.205,-7.0,0.9296396450234559,423.8550000000005,-6.507477515164191,-5.246328372725371
2599816,442390,1.0,7,-653.0,-680.0,6024.06,423.855,27.0,0.07036035497654405,5600.205,1.8997295843666895,1.5121847491558849
2366739,442390,1.0,1,-668.0,-680.0,2791.845,2791.845,12.0,1.0,0.0,12.0,9.552
1360805,442390,1.0,7,-678.0,-680.0,4275.045,4275.045,2.0,1.0,0.0,2.0,1.592
2599816,442390,1.0,6,-683.0,-698.0,6024.06,419.805,15.0,0.06968805091582753,5604.255,1.045320763737413,0.8264305958107986
2599816,442390,1.0,6,-683.0,-680.0,6024.06,5604.255,-3.0,0.9303119490841725,419.8050000000003,-2.790935847252517,-2.221584934413004
1360805,442390,1.0,6,-708.0,-709.0,4275.045,4275.045,1.0,1.0,0.0,1.0,0.7873
2599816,442390,1.0,5,-713.0,-709.0,6024.06,5655.15,-4.0,0.9387605701138434,368.91000000000076,-3.7550422804553736,-2.9563447874025157
2599816,442390,1.0,5,-713.0,-740.0,6024.06,368.91,27.0,0.061239429886156514,5655.150000000001,1.653464606926226,1.286395464188604
1360805,442390,1.0,5,-738.0,-740.0,4275.045,4275.045,2.0,1.0,0.0,2.0,1.556
2599816,442390,1.0,4,-743.0,-740.0,6024.06,5706.045,-3.0,0.9472091911435144,318.0150000000003,-2.8416275734305434,-2.2107862521289627
2599816,442390,1.0,4,-743.0,-769.0,6024.06,318.015,26.0,0.05279080885648549,5706.045,1.3725610302686226,1.0559112005856515
1360805,442390,1.0,4,-768.0,-769.0,4275.045,4275.045,1.0,1.0,0.0,1.0,0.7693
2599816,442390,1.0,3,-773.0,-807.0,6024.06,267.12,34.0,0.04434218782681447,5756.9400000000005,1.5076343861116919,1.1426361012340513
2599816,442390,1.0,3,-773.0,-769.0,6024.06,5756.94,-4.0,0.9556578121731854,267.1200000000008,-3.8226312486927414,-2.940750219619326
1360805,442390,1.0,3,-798.0,-807.0,4275.045,4275.045,9.0,1.0,0.0,9.0,6.8211
2599816,442390,1.0,2,-803.0,-807.0,6024.06,6024.06,4.0,1.0,0.0,4.0,3.0316
1360805,442390,1.0,2,-828.0,-832.0,4275.045,4275.045,4.0,1.0,0.0,4.0,3.0016
2599816,442390,1.0,1,-833.0,-835.0,6024.06,6024.06,2.0,1.0,0.0,2.0,1.499
1360805,442390,1.0,1,-858.0,-863.0,4275.045,4275.045,5.0,1.0,0.0,5.0,3.7055000000000007
1821918,442390,4.0,5,-1106.0,-1106.0,10042.875,10042.875,0.0,1.0,0.0,0.0,0.0
1821918,442390,3.0,4,-1136.0,-1114.0,5084.91,5084.91,-22.0,1.0,0.0,-22.0,-14.647599999999999
2220452,442390,1.0,12,-1140.0,-1136.0,18174.87,17367.84,-4.0,0.9555963811570592,807.0299999999988,-3.822385524628237,-2.5197165378349338
2220452,442390,1.0,12,-1140.0,-1167.0,18174.87,807.03,27.0,0.044403618842940834,17367.84,1.1988977087594026,0.7791636209227358
1821918,442390,1.0,3,-1166.0,-1167.0,5084.91,5084.91,1.0,1.0,0.0,1.0,0.6499
2220452,442390,1.0,11,-1170.0,-1167.0,18150.84,17508.06,-3.0,0.9645867629266746,642.7799999999988,-2.893760288780024,-1.8806548116781376
2220452,442390,1.0,11,-1170.0,-1197.0,18150.84,642.78,27.0,0.03541323707332553,17508.06,0.9561574009797894,0.6128012782879471
1821918,442390,1.0,2,-1196.0,-1197.0,5084.91,5084.91,1.0,1.0,0.0,1.0,0.6409
2220452,442390,1.0,10,-1200.0,-1226.0,18150.84,253.53,26.0,0.01396794859080902,17897.31,0.36316666336103454,0.22959396457684605
2220452,442390,1.0,10,-1200.0,-1197.0,18150.84,17897.31,-3.0,0.986032051409191,253.52999999999884,-2.958096154227573,-1.8958438252444518
1821918,442390,1.0,1,-1226.0,-1226.0,5084.91,5084.91,0.0,1.0,0.0,0.0,0.0
2220452,442390,1.0,9,-1230.0,-1226.0,18150.84,18061.56,-4.0,0.9950812193815824,89.27999999999884,-3.98032487752633,-2.5163613875721462
2220452,442390,1.0,9,-1230.0,-1256.0,18150.84,89.28,26.0,0.00491878061841766,18061.56,0.12788829607885915,0.07969998611634502
2220452,442390,1.0,8,-1260.0,-1260.0,18150.84,18150.84,0.0,1.0,0.0,0.0,0.0
2220452,442390,1.0,7,-1290.0,-1290.0,18150.84,18150.84,0.0,1.0,0.0,0.0,0.0
2220452,442390,1.0,6,-1320.0,-1320.0,18150.84,18150.84,0.0,1.0,0.0,0.0,0.0
2220452,442390,1.0,5,-1350.0,-1351.0,18150.84,18150.84,1.0,1.0,0.0,1.0,0.5947
2220452,442390,1.0,4,-1380.0,-1409.0,18150.84,6.48,29.0,0.00035700827069160435,18144.36,0.010353239850056525,0.0059769253654376325
2220452,442390,1.0,4,-1380.0,-1378.0,18150.84,18144.36,-2.0,0.9996429917293084,6.479999999999563,-1.9992859834586167,-1.1727811578968246
2220452,442390,1.0,3,-1410.0,-1409.0,18150.84,18150.84,-1.0,1.0,0.0,-1.0,-0.5773
2220452,442390,1.0,2,-1440.0,-1442.0,18150.84,18150.84,2.0,1.0,0.0,2.0,1.1348
2220452,442390,1.0,1,-1470.0,-1472.0,18150.84,18150.84,2.0,1.0,0.0,2.0,1.1168
