SK_ID_CURR,SK_ID_BUREAU,CREDIT_ACTIVE,CREDIT_CURRENCY,DAYS_CREDIT,CREDIT_DAY_OVERDUE,DAYS_CREDIT_ENDDATE,DAYS_ENDDATE_FACT,AMT_CREDIT_MAX_OVERDUE,CNT_CREDIT_PROLONG,AMT_CREDIT_SUM,AMT_CREDIT_SUM_DEBT,AMT_CREDIT_SUM_LIMIT,AMT_CREDIT_SUM_OVERDUE,CREDIT_TYPE,DAYS_CREDIT_UPDATE,AMT_ANNUITY,DAYS_CREDIT_ENDDATE-m-DAYS_CREDIT,DAYS_ENDDATE_FACT-m-DAYS_CREDIT,DAYS_ENDDATE_FACT-m-DAYS_CREDIT_ENDDATE,DAYS_CREDIT_UPDATE-m-DAYS_CREDIT,DAYS_CREDIT_UPDATE-m-DAYS_CREDIT_ENDDATE,DAYS_CREDIT_UPDATE-m-DAYS_ENDDATE_FACT,AMT_CREDIT_SUM-m-AMT_CREDIT_SUM_DEBT,AMT_CREDIT_SUM_DEBT-dby-AMT_CREDIT_SUM,AMT_CREDIT_SUM-m-AMT_CREDIT_SUM_DEBT-dby-AMT_CREDIT_SUM_LIMIT,AMT_CREDIT_SUM_DEBT-dby-AMT_CREDIT_SUM_LIMIT,AMT_CREDIT_SUM_DEBT-p-AMT_CREDIT_SUM_LIMIT,AMT_CREDIT_SUM-dby-debt-p-AMT_CREDIT_SUM_DEBT-p-AMT_CREDIT_SUM_LIMIT
106437,6743378,Active,currency 1,-308,0,1518.0,,69677.73,0,5400000.0,4919159.88,0.0,0.0,Consumer credit,-28,0.0,1826.0,,,280,-1546.0,,480840.1200000001,0.9109555333333333,inf,inf,4919159.88,1.097748422846545
106437,6743369,Active,currency 1,-328,0,782.0,,,0,229500.0,230809.5,0.0,0.0,Credit card,-13,0.0,1110.0,,,315,-795.0,,-1309.5,1.0057058823529412,-inf,inf,230809.5,0.9943264900274902
106437,6743374,Closed,currency 1,-442,0,1384.0,-301.0,,0,1350000.0,,,0.0,Consumer credit,-297,0.0,1826.0,141.0,-1685.0,145,-1681.0,4.0,,,,,,
106437,6743376,Active,currency 1,-442,0,,,,0,225000.0,,,0.0,Credit card,-10,,,,,432,,,,,,,,
106437,6743362,Closed,currency 1,-546,0,1280.0,-303.0,,0,1264500.0,0.0,0.0,0.0,Consumer credit,-278,22540.5,1826.0,243.0,-1583.0,268,-1558.0,25.0,1264500.0,0.0,inf,,0.0,inf
106437,6743364,Closed,currency 1,-755,0,1801.0,-295.0,,0,540000.0,0.0,0.0,0.0,Consumer credit,-292,,2556.0,460.0,-2096.0,463,-2093.0,3.0,540000.0,0.0,inf,,0.0,inf
106437,6743372,Closed,currency 1,-777,0,-777.0,-777.0,,0,1350000.0,,,0.0,Consumer credit,-777,22950.0,0.0,0.0,0.0,0,0.0,0.0,,,,,,
106437,6743375,Active,currency 1,-777,0,1042.0,,,0,1350000.0,0.0,,0.0,Consumer credit,-21,0.0,1819.0,,,756,-1063.0,,1350000.0,0.0,,,,
106437,6744343,Closed,currency 1,-777,0,-748.0,-748.0,,0,1350000.0,,,0.0,Consumer credit,-748,,29.0,29.0,0.0,29,0.0,0.0,,,,,,
106437,6743363,Closed,currency 1,-806,0,657.0,-775.0,,0,1333161.0,0.0,0.0,0.0,Consumer credit,-506,22801.5,1463.0,31.0,-1432.0,300,-1163.0,269.0,1333161.0,0.0,inf,,0.0,inf
106437,6743366,Closed,currency 1,-1191,0,636.0,-1008.0,,0,1350000.0,0.0,0.0,0.0,Consumer credit,-805,,1827.0,183.0,-1644.0,386,-1441.0,203.0,1350000.0,0.0,inf,,0.0,inf
106437,6743367,Closed,currency 1,-1229,0,-924.0,-1173.0,,0,72441.0,0.0,0.0,0.0,Consumer credit,-1172,,305.0,56.0,-249.0,57,-248.0,1.0,72441.0,0.0,inf,,0.0,inf
106437,6743377,Active,currency 1,-1411,0,416.0,,,0,958455.0,314608.5,,0.0,Consumer credit,-10,,1827.0,,,1401,-426.0,,643846.5,0.32824545753321754,,,,
106437,6743368,Closed,currency 1,-1623,0,-253.0,-1411.0,,0,675000.0,0.0,0.0,0.0,Consumer credit,-1066,0.0,1370.0,212.0,-1158.0,557,-813.0,345.0,675000.0,0.0,inf,,0.0,inf
106437,6743373,Closed,currency 1,-1803,0,-709.0,-981.0,,0,0.0,0.0,,0.0,Credit card,-552,,1094.0,822.0,-272.0,1251,157.0,429.0,0.0,,,,,
106437,6743365,Closed,currency 1,-1833,0,-709.0,-981.0,,0,0.0,0.0,0.0,0.0,Credit card,-539,13860.0,1124.0,852.0,-272.0,1294,170.0,442.0,0.0,,,,0.0,
106437,6743361,Closed,currency 1,-1834,0,-736.0,-1618.0,,0,485266.5,0.0,0.0,0.0,Consumer credit,-1066,15974.235,1098.0,216.0,-882.0,768,-330.0,552.0,485266.5,0.0,inf,,0.0,inf
106437,6744342,Closed,currency 1,-2378,0,-1166.0,-1452.0,,0,675000.0,0.0,0.0,0.0,Consumer credit,-1450,0.0,1212.0,926.0,-286.0,928,-284.0,2.0,675000.0,0.0,inf,,0.0,inf
106437,6743370,Sold,currency 1,-2470,0,-1740.0,,,0,262737.0,,,0.0,Credit card,-2164,,730.0,,,306,-424.0,,,,,,,
106437,6743371,Closed,currency 1,-2470,0,-1901.0,-1901.0,,0,262737.0,,,0.0,Consumer credit,-1901,138702.06,569.0,569.0,0.0,569,0.0,0.0,,,,,,
112442,6189288,Active,currency 1,-456,0,1370.0,,,0,675000.0,562986.0,0.0,0.0,Consumer credit,-25,,1826.0,,,431,-1395.0,,112014.0,0.8340533333333333,inf,inf,562986.0,1.1989640950219012
112442,6189289,Active,currency 1,-456,0,1370.0,,,0,1381500.0,1152243.0,0.0,0.0,Consumer credit,-25,16596.0,1826.0,,,431,-1395.0,,229257.0,0.8340521172638437,inf,inf,1152243.0,1.1989658431424621
112442,6189287,Active,currency 1,-678,0,647.0,,,0,324000.0,313690.5,0.0,0.0,Credit card,-12,,1325.0,,,666,-659.0,,10309.5,0.9681805555555556,inf,inf,313690.5,1.0328651967464746
112442,6189286,Closed,currency 1,-1265,0,-1109.0,-1109.0,,0,51750.0,0.0,0.0,0.0,Consumer credit,-1108,,156.0,156.0,0.0,157,1.0,1.0,51750.0,0.0,inf,,0.0,inf
113364,6230270,Active,currency 1,-4,0,,,,0,27000.0,,,0.0,Microloan,-1,0.0,,,,3,,,,,,,,
113364,6230272,Active,currency 1,-165,0,27360.0,,0.0,0,90000.0,63054.81,19939.095,0.0,Credit card,-13,0.0,27525.0,,,152,-27373.0,,26945.190000000002,0.7006089999999999,1.3513747740306168,3.1623707094028086,82993.905,1.0844169821868244
113364,6230271,Active,currency 1,-166,0,1653.0,,9875.16,0,1134900.0,1079288.235,0.0,0.0,Consumer credit,-2,,1819.0,,,164,-1655.0,,55611.7649999999,0.9509985329103887,inf,inf,1079288.235,1.0515263330003777
113364,6230267,Closed,currency 1,-334,0,1492.0,-147.0,,0,405000.0,0.0,0.0,0.0,Consumer credit,-72,30420.0,1826.0,187.0,-1639.0,262,-1564.0,75.0,405000.0,0.0,inf,,0.0,inf
113364,6230269,Active,currency 1,-390,0,877.0,,,0,112500.0,113958.0,0.0,0.0,Credit card,-72,24750.0,1267.0,,,318,-949.0,,-1458.0,1.01296,-inf,inf,113958.0,0.987205812667825
113364,6230268,Closed,currency 1,-653,0,1173.0,-162.0,,0,243000.0,0.0,0.0,0.0,Consumer credit,-72,24750.0,1826.0,491.0,-1335.0,581,-1245.0,90.0,243000.0,0.0,inf,,0.0,inf
117693,5634459,Closed,currency 1,-623,0,-439.0,-439.0,,0,38925.0,0.0,,0.0,Consumer credit,-436,,184.0,184.0,0.0,187,3.0,3.0,38925.0,0.0,,,,
117693,5634457,Closed,currency 1,-1379,0,-648.0,-641.0,,0,128025.0,0.0,0.0,0.0,Consumer credit,-641,,731.0,738.0,7.0,738,7.0,0.0,128025.0,0.0,inf,,0.0,inf
117693,5634458,Closed,currency 1,-2787,0,-2444.0,-2440.0,,0,69750.0,0.0,,0.0,Consumer credit,-2440,,343.0,347.0,4.0,347,4.0,0.0,69750.0,0.0,,,,
118978,5496380,Closed,currency 1,-26,0,-10.0,-17.0,,0,22500.0,0.0,0.0,0.0,Consumer credit,-12,,16.0,9.0,-7.0,14,-2.0,5.0,22500.0,0.0,inf,,0.0,inf
118978,5496381,Closed,currency 1,-75,0,-59.0,-68.0,,0,36000.0,0.0,0.0,0.0,Consumer credit,-66,,16.0,7.0,-9.0,9,-7.0,2.0,36000.0,0.0,inf,,0.0,inf
118978,5496382,Closed,currency 1,-86,0,-79.0,-81.0,,0,22500.0,0.0,0.0,0.0,Consumer credit,-70,,7.0,5.0,-2.0,16,9.0,11.0,22500.0,0.0,inf,,0.0,inf
118978,5496383,Active,currency 1,-96,0,177.0,,0.0,0,71905.5,58446.0,0.0,0.0,Consumer credit,-35,,273.0,,,61,-212.0,,13459.5,0.8128168220789787,inf,inf,58446.0,1.2302894979981522
118978,5496379,Closed,currency 1,-360,0,-207.0,-207.0,,0,270000.0,0.0,,0.0,Credit card,-198,,153.0,153.0,0.0,162,9.0,9.0,270000.0,0.0,,,,
126139,6273599,Closed,currency 1,-1259,0,-589.0,-589.0,10689.75,0,104020.875,0.0,0.0,0.0,Consumer credit,-583,,670.0,670.0,0.0,676,6.0,6.0,104020.875,0.0,inf,,0.0,inf
126613,5450897,Active,currency 1,-56,0,128.0,,,0,37359.0,31738.5,0.0,0.0,Consumer credit,-20,,184.0,,,36,-148.0,,5620.5,0.8495543242592146,inf,inf,31738.5,1.177087764072026
126613,5450899,Active,currency 1,-1031,0,,,11808.45,0,236250.0,222363.0,13886.82,0.0,Credit card,-13,,,,,1018,,,13887.0,0.9412190476190476,1.0000129619308091,16.012521225161702,236249.82,1.0000007619053424
126613,5450898,Closed,currency 1,-1095,0,-729.0,-728.0,9700.11,0,119626.38,0.0,0.0,0.0,Consumer credit,-580,,366.0,367.0,1.0,515,149.0,148.0,119626.38,0.0,inf,,0.0,inf
126613,5450896,Closed,currency 1,-1265,0,-179.0,-179.0,,0,1485000.0,0.0,0.0,0.0,Consumer credit,-178,,1086.0,1086.0,0.0,1087,1.0,1.0,1485000.0,0.0,inf,,0.0,inf
128682,6692652,Active,currency 1,-145,0,219.0,,,0,47686.5,33745.5,,0.0,Consumer credit,-24,3150.0,364.0,,,121,-243.0,,13941.0,0.7076531093705766,,,,
128682,6692651,Active,currency 1,-531,0,576.0,,,0,31500.0,36522.0,0.0,0.0,Credit card,-31,3150.0,1107.0,,,500,-607.0,,-5022.0,1.1594285714285715,-inf,inf,36522.0,0.8624938393297191
130852,5512434,Active,currency 1,-229,0,-199.0,,,0,45000.0,0.0,0.0,0.0,Credit card,-88,,30.0,,,141,111.0,,45000.0,0.0,inf,,0.0,inf
130852,5512437,Active,currency 1,-277,0,1549.0,,,0,855000.0,792067.5,0.0,0.0,Consumer credit,-29,,1826.0,,,248,-1578.0,,62932.5,0.9263947368421053,inf,inf,792067.5,1.0794534556713917
130852,5512440,Active,currency 1,-307,0,1063.0,,22854.24,0,1345500.0,1149736.5,0.0,0.0,Consumer credit,-29,,1370.0,,,278,-1092.0,,195763.5,0.854505016722408,inf,inf,1149736.5,1.1702681440486582
130852,5512439,Active,currency 1,-707,0,24.0,,0.0,0,45000.0,0.0,45000.0,0.0,Credit card,-32,,731.0,,,675,-56.0,,45000.0,0.0,1.0,0.0,45000.0,1.0
130852,5512435,Closed,currency 1,-1056,0,-883.0,-883.0,,0,37701.0,0.0,0.0,0.0,Consumer credit,-803,,173.0,173.0,0.0,253,80.0,80.0,37701.0,0.0,inf,,0.0,inf
130852,5512436,Active,currency 1,-1481,0,-1309.0,,,0,39325.5,6709.5,0.0,0.0,Consumer credit,-1316,,172.0,,,165,-7.0,,32616.0,0.17061448678338484,inf,inf,6709.5,5.861167002012072
139036,5384650,Closed,currency 1,-721,0,374.0,-654.0,,0,441000.0,0.0,,0.0,Consumer credit,-652,0.0,1095.0,67.0,-1028.0,69,-1026.0,2.0,441000.0,0.0,,,,
145024,5904250,Active,currency 1,-92,0,42.0,,,0,67500.0,46683.0,0.0,0.0,Credit card,-29,,134.0,,,63,-71.0,,20817.0,0.6916,inf,inf,46683.0,1.4459224985540775
145024,5904249,Active,currency 1,-175,0,31149.0,,,0,13500.0,0.0,0.0,0.0,Credit card,-21,,31324.0,,,154,-31170.0,,13500.0,0.0,inf,,0.0,inf
145024,5904251,Active,currency 1,-175,0,193.0,,0.0,0,139050.0,72733.5,0.0,0.0,Consumer credit,-19,,368.0,,,156,-212.0,,66316.5,0.5230744336569579,inf,inf,72733.5,1.911773804368001
145200,6021340,Active,currency 1,-665,0,1160.0,,0.0,0,2800773.0,1820430.0,0.0,0.0,Car loan,-11,71830.17,1825.0,,,654,-1171.0,,980343.0,0.6499741321413767,inf,inf,1820430.0,1.5385227665991001
148998,5610276,Closed,currency 1,-2352,0,-1253.0,-1285.0,,0,495000.0,0.0,0.0,0.0,Consumer credit,-1178,,1099.0,1067.0,-32.0,1174,75.0,107.0,495000.0,0.0,inf,,0.0,inf
164337,6613018,Active,currency 1,-217,0,3436.0,,,0,810000.0,803745.0,0.0,0.0,Credit card,-5,,3653.0,,,212,-3441.0,,6255.0,0.9922777777777778,inf,inf,803745.0,1.0077823190190918
164337,6613017,Closed,currency 1,-1540,0,-216.0,-190.0,,0,810000.0,0.0,0.0,0.0,Credit card,-185,,1324.0,1350.0,26.0,1355,31.0,5.0,810000.0,0.0,inf,,0.0,inf
164337,6613014,Closed,currency 1,-1853,0,-1518.0,-1545.0,,0,149347.8,0.0,,0.0,Consumer credit,-792,,335.0,308.0,-27.0,1061,726.0,753.0,149347.8,0.0,,,,
164337,6613019,Closed,currency 1,-2100,0,-1367.0,-1083.0,,0,90000.0,,,0.0,Credit card,-1082,,733.0,1017.0,284.0,1018,285.0,1.0,,,,,,
164337,6613020,Closed,currency 1,-2556,0,-2251.0,-2251.0,0.0,0,40455.0,0.0,0.0,0.0,Consumer credit,-2251,,305.0,305.0,0.0,305,0.0,0.0,40455.0,0.0,inf,,0.0,inf
164337,6613015,Closed,currency 1,-2626,0,-2291.0,-2319.0,,0,45979.2,0.0,,0.0,Consumer credit,-792,,335.0,307.0,-28.0,1834,1499.0,1527.0,45979.2,0.0,,,,
164337,6613016,Closed,currency 1,-2626,0,-2413.0,-2395.0,,0,21828.6,0.0,,0.0,Consumer credit,-792,,213.0,231.0,18.0,1834,1621.0,1603.0,21828.6,0.0,,,,
164337,6613013,Closed,currency 1,-2695,0,-2391.0,-2390.0,,0,50652.0,0.0,,0.0,Consumer credit,-527,,304.0,305.0,1.0,2168,1864.0,1863.0,50652.0,0.0,,,,
164337,6613012,Closed,currency 1,-2810,0,-2596.0,-2624.0,,0,48555.0,0.0,,0.0,Consumer credit,-792,,214.0,186.0,-28.0,2018,1804.0,1832.0,48555.0,0.0,,,,
168811,5092630,Active,currency 1,-58,0,,,0.0,0,150301.17,139189.5,11109.555,0.0,Credit card,-24,,,,,34,,,11111.670000000013,0.9260706353782874,1.0001903766622526,12.528809659792854,150299.055,1.0000140719447639
168811,5092629,Closed,currency 1,-815,0,-450.0,-413.0,3296.385,0,33210.0,0.0,0.0,0.0,Consumer credit,-408,,365.0,402.0,37.0,407,42.0,5.0,33210.0,0.0,inf,,0.0,inf
168811,5092627,Closed,currency 1,-1015,0,-833.0,-460.0,,0,45225.0,0.0,0.0,0.0,Consumer credit,-459,,182.0,555.0,373.0,556,374.0,1.0,45225.0,0.0,inf,,0.0,inf
168811,5092628,Closed,currency 1,-1415,0,-681.0,-683.0,,0,99454.5,0.0,0.0,0.0,Consumer credit,-683,,734.0,732.0,-2.0,732,-2.0,0.0,99454.5,0.0,inf,,0.0,inf
176903,6077242,Active,currency 1,-81,0,1027.0,,0.0,0,22500.0,22014.0,486.0,0.0,Credit card,-68,,1108.0,,,13,-1095.0,,486.0,0.9784,1.0,45.2962962962963,22500.0,1.0
176903,6077240,Active,currency 1,-391,0,1435.0,,,0,495000.0,431595.0,0.0,0.0,Consumer credit,-23,,1826.0,,,368,-1458.0,,63405.0,0.8719090909090909,inf,inf,431595.0,1.146908560108435
176903,6077241,Closed,currency 1,-599,0,-508.0,-482.0,,0,13536.0,,,0.0,Consumer credit,-476,13257.0,91.0,117.0,26.0,123,32.0,6.0,,,,,,
176903,6077239,Active,currency 1,-602,0,601.0,,,0,225000.0,191853.0,0.0,0.0,Credit card,-99,13257.0,1203.0,,,503,-700.0,,33147.0,0.85268,inf,inf,191853.0,1.17277290425482
176903,6077238,Active,currency 1,-764,0,332.0,,,0,504.0,137979.0,0.0,0.0,Credit card,-19,13257.0,1096.0,,,745,-351.0,,-137475.0,273.76785714285717,-inf,inf,137979.0,0.0036527297632248388
176903,6077243,Active,currency 1,-764,0,332.0,,0.0,0,135000.0,134496.54,503.46,0.0,Credit card,-28,0.0,1096.0,,,736,-360.0,,503.45999999999185,0.9962706666666667,0.9999999999999839,267.1444404719342,135000.0,1.0
176903,6077246,Closed,currency 1,-778,0,-413.0,-442.0,0.0,0,30150.0,0.0,0.0,0.0,Consumer credit,-442,13257.0,365.0,336.0,-29.0,336,-29.0,0.0,30150.0,0.0,inf,,0.0,inf
176903,6311443,Active,currency 1,-858,0,27326.0,,0.0,2,157275.0,146070.45,11204.55,0.0,Credit card,-12,0.0,28184.0,,,846,-27338.0,,11204.549999999988,0.928758226037196,0.999999999999999,13.036708301538216,157275.0,1.0
176903,6311442,Active,currency 1,-980,0,,,,0,247500.0,,,0.0,Credit card,-17,13257.0,,,,963,,,,,,,,
176903,6077245,Closed,currency 1,-1120,0,-966.0,-966.0,0.0,0,45000.0,0.0,0.0,0.0,Credit card,-966,,154.0,154.0,0.0,154,0.0,0.0,45000.0,0.0,inf,,0.0,inf
176903,6077244,Closed,currency 1,-1182,0,-969.0,-969.0,0.0,0,45000.0,0.0,0.0,0.0,Credit card,-969,13257.0,213.0,213.0,0.0,213,0.0,0.0,45000.0,0.0,inf,,0.0,inf
179759,5356249,Active,currency 1,-88,0,275.0,,,0,110884.5,93874.5,0.0,0.0,Consumer credit,-26,,363.0,,,62,-301.0,,17010.0,0.8465971348565399,inf,inf,93874.5,1.181199367240305
179759,5356248,Closed,currency 1,-1096,0,-730.0,-730.0,,0,122022.0,0.0,0.0,0.0,Consumer credit,-720,,366.0,366.0,0.0,376,10.0,10.0,122022.0,0.0,inf,,0.0,inf
192887,5257536,Active,currency 1,-915,0,181.0,,11204.505,0,573979.59,144663.03,0.0,0.0,Consumer credit,-47,,1096.0,,,868,-228.0,,429316.55999999994,0.2520351464065125,inf,inf,144663.03,3.9677005935794374
192887,5257535,Closed,currency 1,-2879,0,-1782.0,-937.0,,0,270000.0,0.0,0.0,0.0,Consumer credit,-934,,1097.0,1942.0,845.0,1945,848.0,3.0,270000.0,0.0,inf,,0.0,inf
202714,6584538,Active,currency 1,-246,0,27462.0,,0.0,0,22500.0,17694.315,4805.685,0.0,Credit card,-9,,27708.0,,,237,-27471.0,,4805.685000000001,0.786414,1.0000000000000002,3.6819548097721757,22500.0,1.0
202714,6584537,Active,currency 1,-329,0,,,0.0,0,450000.0,123763.5,326236.455,0.0,Credit card,-20,,,,,309,,,326236.5,0.27503,1.0000001379367611,0.37936747442893837,449999.955,1.00000010000001
202714,6584536,Active,currency 1,-331,0,765.0,,,0,360000.0,311958.0,0.0,0.0,Consumer credit,-24,,1096.0,,,307,-789.0,,48042.0,0.86655,inf,inf,311958.0,1.1540015002019504
202714,6584535,Active,currency 1,-430,0,300.0,,,0,360000.0,185683.5,0.0,0.0,Consumer credit,-22,,730.0,,,408,-322.0,,174316.5,0.5157875,inf,inf,185683.5,1.93878292901631
202714,6584532,Closed,currency 1,-439,0,-255.0,-316.0,0.0,0,47694.6,0.0,0.0,0.0,Consumer credit,-281,,184.0,123.0,-61.0,158,-26.0,35.0,47694.6,0.0,inf,,0.0,inf
202714,6584531,Active,currency 1,-500,0,918.0,,0.0,0,0.0,0.0,0.0,0.0,Credit card,-497,,1418.0,,,3,-1415.0,,0.0,,,,0.0,
202714,6584530,Active,currency 1,-500,0,-135.0,,0.0,0,81404.19,0.0,0.0,0.0,Consumer credit,-486,,365.0,,,14,-351.0,,81404.19,0.0,inf,,0.0,inf
202714,6584533,Closed,currency 1,-654,0,-289.0,-326.0,,0,90000.0,0.0,0.0,0.0,Consumer credit,-323,,365.0,328.0,-37.0,331,-34.0,3.0,90000.0,0.0,inf,,0.0,inf
202714,6584534,Active,currency 1,-928,0,164.0,,,0,108000.0,110970.0,0.0,0.0,Credit card,-17,,1092.0,,,911,-181.0,,-2970.0,1.0275,-inf,inf,110970.0,0.9732360097323601
203047,6463634,Active,currency 1,-116,0,1735.0,,,0,0.0,0.0,0.0,0.0,Credit card,-20,,1851.0,,,96,-1755.0,,0.0,,,,0.0,
203047,6463635,Active,currency 1,-116,0,1735.0,,,0,450000.0,35545.05,414454.95,0.0,Credit card,-20,,1851.0,,,96,-1755.0,,414454.95,0.078989,1.0,0.08576336221825799,450000.0,1.0
203047,6463643,Closed,currency 1,-116,0,-40.0,-40.0,0.0,0,278167.59,0.0,0.0,0.0,Consumer credit,-40,,76.0,76.0,0.0,76,0.0,0.0,278167.59,0.0,inf,,0.0,inf
203047,6463642,Active,currency 1,-262,0,1207.0,,0.0,0,364500.0,330295.05,0.0,0.0,Consumer credit,-40,,1469.0,,,222,-1247.0,,34204.95000000001,0.9061592592592592,inf,inf,330295.05,1.1035587726791547
203047,6463641,Active,currency 1,-377,0,720.0,,0.0,0,630000.0,480865.5,0.0,0.0,Consumer credit,-12,,1097.0,,,365,-732.0,,149134.5,0.7632785714285715,inf,inf,480865.5,1.310137658035355
203047,6463633,Active,currency 1,-415,0,1309.0,,,0,0.0,0.0,0.0,0.0,Credit card,-15,,1724.0,,,400,-1324.0,,0.0,,,,0.0,
203047,6463640,Active,currency 1,-543,0,187.0,,0.0,0,390330.0,137776.5,,0.0,Car loan,-20,,730.0,,,523,-207.0,,252553.5,0.3529744062716163,,,,
203047,6463639,Active,currency 1,-748,0,-321.0,,,0,61200.0,10346.22,,0.0,Consumer credit,-407,,427.0,,,341,-86.0,,50853.78,0.16905588235294117,,,,
203047,6463632,Closed,currency 1,-1113,0,1431.0,-170.0,,0,1395000.0,0.0,,0.0,Credit card,-167,,2544.0,943.0,-1601.0,946,-1598.0,3.0,1395000.0,0.0,,,,
203047,6463637,Closed,currency 1,-1134,0,-921.0,-950.0,,0,29250.0,0.0,,0.0,Consumer credit,-744,,213.0,184.0,-29.0,390,177.0,206.0,29250.0,0.0,,,,
203047,6463638,Closed,currency 1,-1193,0,-827.0,-856.0,,0,40979.52,0.0,,0.0,Consumer credit,-744,,366.0,337.0,-29.0,449,83.0,112.0,40979.52,0.0,,,,
203047,6463636,Closed,currency 1,-1258,0,-1043.0,-1072.0,,0,48659.22,0.0,,0.0,Consumer credit,-744,,215.0,186.0,-29.0,514,299.0,328.0,48659.22,0.0,,,,
204677,5543029,Active,currency 1,-357,22,30948.0,,,0,27000.0,26523.0,0.0,225.0,Credit card,-21,3145.5,31305.0,,,336,-30969.0,,477.0,0.9823333333333333,inf,inf,26523.0,1.017984390906006
205527,5311122,Closed,currency 1,-1010,0,100.0,-303.0,,0,281250.0,0.0,,0.0,Credit card,-296,,1110.0,707.0,-403.0,714,-396.0,7.0,281250.0,0.0,,,,
207796,6750952,Active,currency 1,-105,0,290.0,,0.0,0,40455.0,32220.0,0.0,0.0,Consumer credit,-6,,395.0,,,99,-296.0,,8235.0,0.796440489432703,inf,inf,32220.0,1.255586592178771
207796,6750950,Active,currency 1,-542,0,1284.0,,,0,675000.0,560731.5,0.0,0.0,Consumer credit,-34,,1826.0,,,508,-1318.0,,114268.5,0.8307133333333333,inf,inf,560731.5,1.2037846990939514
207796,6750949,Active,currency 1,-1235,0,592.0,,,0,900000.0,405423.0,0.0,0.0,Consumer credit,-34,,1827.0,,,1201,-626.0,,494577.0,0.45047,inf,inf,405423.0,2.2199036561813217
207796,6750948,Closed,currency 1,-2194,0,-1464.0,-1551.0,,0,292500.0,0.0,0.0,0.0,Consumer credit,-34,,730.0,643.0,-87.0,2160,1430.0,1517.0,292500.0,0.0,inf,,0.0,inf
207796,6750951,Closed,currency 1,-2593,0,-2228.0,-2225.0,0.0,0,109305.0,,,0.0,Consumer credit,-2223,,365.0,368.0,3.0,370,5.0,2.0,,,,,,
210578,6731209,Active,currency 1,-99,0,464.0,,,0,107851.5,100557.0,,0.0,Consumer credit,-6,7470.0,563.0,,,93,-470.0,,7294.5,0.9323653356698794,,,,
210578,6731210,Active,currency 1,-132,0,1694.0,,0.0,0,314401.995,303539.985,0.0,0.0,Consumer credit,-12,,1826.0,,,120,-1706.0,,10862.01000000001,0.9654518413599761,inf,inf,303539.985,1.0357844453342777
210578,6731197,Active,currency 1,-132,0,5347.0,,,0,4.5,0.0,0.0,0.0,Credit card,-106,7470.0,5479.0,,,26,-5453.0,,4.5,0.0,inf,,0.0,inf
210578,6731203,Active,currency 1,-349,0,1477.0,,,0,1080000.0,948208.5,0.0,0.0,Consumer credit,-13,7470.0,1826.0,,,336,-1490.0,,131791.5,0.8779708333333334,inf,inf,948208.5,1.1389900006169529
210578,6731201,Active,currency 1,-494,0,1332.0,,,0,202500.0,163390.5,0.0,0.0,Consumer credit,-7,0.0,1826.0,,,487,-1339.0,,39109.5,0.8068666666666666,inf,inf,163390.5,1.2393621416177807
210578,6731211,Closed,currency 1,-641,0,-349.0,-349.0,0.0,0,183995.325,0.0,0.0,0.0,Consumer credit,-349,58018.5,292.0,292.0,0.0,292,0.0,0.0,183995.325,0.0,inf,,0.0,inf
210578,6731213,Closed,currency 1,-908,0,-694.0,-694.0,0.0,0,71114.4,0.0,0.0,0.0,Consumer credit,-688,7470.0,214.0,214.0,0.0,220,6.0,6.0,71114.4,0.0,inf,,0.0,inf
210578,6731202,Active,currency 1,-1015,0,396.0,,,0,324000.0,309411.0,0.0,0.0,Credit card,-120,0.0,1411.0,,,895,-516.0,,14589.0,0.9549722222222222,inf,inf,309411.0,1.0471508769888596
210578,6731199,Closed,currency 1,-1063,0,-939.0,-939.0,,0,19242.0,0.0,0.0,0.0,Consumer credit,-892,4981.5,124.0,124.0,0.0,171,47.0,47.0,19242.0,0.0,inf,,0.0,inf
210578,6731212,Closed,currency 1,-1151,0,-641.0,-641.0,0.0,0,115943.895,0.0,0.0,0.0,Consumer credit,-641,,510.0,510.0,0.0,510,0.0,0.0,115943.895,0.0,inf,,0.0,inf
210578,5918803,Closed,currency 1,-1302,0,-693.0,-664.0,,0,135000.0,,,0.0,Consumer credit,-658,7470.0,609.0,638.0,29.0,644,35.0,6.0,,,,,,
210578,6731208,Closed,currency 1,-1537,0,-1020.0,-1020.0,,0,63751.5,0.0,,0.0,Consumer credit,-1020,0.0,517.0,517.0,0.0,517,0.0,0.0,63751.5,0.0,,,,
210578,6731207,Closed,currency 1,-2156,0,-1416.0,-1420.0,,0,90000.0,,,0.0,Consumer credit,-1420,,740.0,736.0,-4.0,736,-4.0,0.0,,,,,,
210578,6731196,Closed,currency 1,-2315,0,-1950.0,-1950.0,,0,44550.0,0.0,0.0,0.0,Consumer credit,-1704,4981.5,365.0,365.0,0.0,611,246.0,246.0,44550.0,0.0,inf,,0.0,inf
210578,6731205,Closed,currency 1,-2381,0,-1811.0,-1812.0,,0,90000.0,,,0.0,Consumer credit,-1812,,570.0,569.0,-1.0,569,-1.0,0.0,,,,,,
210578,6731214,Active,currency 1,-2435,0,-624.0,,0.0,0,243000.0,0.0,253712.295,0.0,Credit card,-30,,1811.0,,,2405,594.0,,243000.0,0.0,0.9577777852665752,0.0,253712.295,0.9577777852665752
210578,6731215,Closed,currency 1,-2456,0,-2272.0,-2364.0,3484.665,0,21150.0,0.0,0.0,0.0,Consumer credit,-2364,10152.675,184.0,92.0,-92.0,92,-92.0,0.0,21150.0,0.0,inf,,0.0,inf
210578,6731198,Closed,currency 1,-2538,0,-738.0,-950.0,,0,194850.0,0.0,0.0,0.0,Consumer credit,-152,,1800.0,1588.0,-212.0,2386,586.0,798.0,194850.0,0.0,inf,,0.0,inf
210578,6731206,Closed,currency 1,-2595,0,-1666.0,-1666.0,,0,124443.0,,,0.0,Credit card,-1666,10152.675,929.0,929.0,0.0,929,0.0,0.0,,,,,,
210578,6731204,Closed,currency 1,-2696,0,-2335.0,-2567.0,,0,23188.5,,,0.0,Consumer credit,-2556,7470.0,361.0,129.0,-232.0,140,-221.0,11.0,,,,,,
213721,5134632,Active,currency 1,-67,0,1759.0,,,0,557928.0,,,0.0,Consumer credit,-30,,1826.0,,,37,-1789.0,,,,,,,
213721,5134633,Active,currency 1,-67,0,,,,0,90000.0,,,0.0,Credit card,-9,,,,,58,,,,,,,,
213721,5134630,Active,currency 1,-395,0,5091.0,,,0,4725000.0,4612140.0,0.0,0.0,Mortgage,-46,,5486.0,,,349,-5137.0,,112860.0,0.9761142857142857,inf,inf,4612140.0,1.0244702025523944
213721,5134631,Closed,currency 1,-933,0,162.0,-537.0,,0,332010.0,0.0,0.0,0.0,Consumer credit,-529,,1095.0,396.0,-699.0,404,-691.0,8.0,332010.0,0.0,inf,,0.0,inf
218234,5234655,Active,currency 1,-419,0,1403.0,,0.0,0,670500.0,0.0,0.0,0.0,Credit card,-419,,1822.0,,,0,-1822.0,,670500.0,0.0,inf,,0.0,inf
218234,5234656,Active,currency 1,-501,0,619.0,,,0,333000.0,324688.5,0.0,0.0,Credit card,-28,,1120.0,,,473,-647.0,,8311.5,0.9750405405405406,inf,inf,324688.5,1.02559838121769
218234,5234657,Active,currency 1,-504,0,,,0.0,0,112500.0,104751.0,7745.085,0.0,Credit card,-389,,,,,115,,,7749.0,0.93112,1.0005054818636594,13.524835427887492,112496.085,1.000034801211082
218234,5234654,Active,currency 1,-773,0,1069.0,,0.0,0,0.0,0.0,0.0,0.0,Credit card,-620,,1842.0,,,153,-1689.0,,0.0,,,,0.0,
218234,5234653,Active,currency 1,-798,0,693.0,,0.0,0,1008000.0,39915.0,0.0,0.0,Consumer credit,-615,,1491.0,,,183,-1308.0,,968085.0,0.039598214285714285,inf,inf,39915.0,25.253664036076664
218234,5234651,Active,currency 1,-799,0,857.0,,0.0,0,0.0,-294.255,294.255,0.0,Credit card,-617,,1656.0,,,182,-1474.0,,294.255,-inf,1.0,-1.0,0.0,
218234,5234652,Active,currency 1,-799,0,857.0,,0.0,0,0.0,0.0,0.0,0.0,Credit card,-617,,1656.0,,,182,-1474.0,,0.0,,,,0.0,
218234,5234650,Active,currency 1,-2263,0,-119.0,,19549.35,0,112500.0,597844.53,9655.47,0.0,Credit card,-563,,2144.0,,,1700,-444.0,,-485344.53,5.3141736,-50.26627704296115,61.917703643634134,607500.0,0.18518518518518517
218234,5234649,Closed,currency 1,-2454,0,-2241.0,-2269.0,0.0,0,27528.21,0.0,0.0,0.0,Consumer credit,-2269,,213.0,185.0,-28.0,185,-28.0,0.0,27528.21,0.0,inf,,0.0,inf
222326,5196188,Active,currency 1,-88,0,970.0,,,0,449509.5,444343.5,,0.0,Loan for working capital replenishment,-11,,1058.0,,,77,-981.0,,5166.0,0.9885074731457288,,,,
222326,5196187,Sold,currency 1,-126,0,970.0,,,0,449509.5,,,0.0,Consumer credit,-30,,1096.0,,,96,-1000.0,,,,,,,
222326,5196189,Active,currency 1,-126,0,,,,0,90000.0,,,0.0,Credit card,-9,,,,,117,,,,,,,,
222326,5196190,Active,currency 1,-177,0,189.0,,0.0,0,82426.5,55350.0,0.0,0.0,Consumer credit,-21,,366.0,,,156,-210.0,,27076.5,0.6715073429054976,inf,inf,55350.0,1.4891869918699188
222326,5196186,Closed,currency 1,-1264,0,-948.0,-948.0,,0,36652.5,0.0,,0.0,Consumer credit,-939,,316.0,316.0,0.0,325,9.0,9.0,36652.5,0.0,,,,
222326,5196185,Closed,currency 1,-1265,0,-957.0,-928.0,,0,36652.5,0.0,0.0,0.0,Consumer credit,-800,,308.0,337.0,29.0,465,157.0,128.0,36652.5,0.0,inf,,0.0,inf
228575,5879442,Active,currency 1,-486,0,610.0,,10060.11,0,495000.0,345964.5,0.0,0.0,Consumer credit,-24,45000.0,1096.0,,,462,-634.0,,149035.5,0.6989181818181818,inf,inf,345964.5,1.4307826381030424
228575,5879441,Closed,currency 1,-566,0,-17.0,-515.0,0.0,0,248850.0,0.0,0.0,0.0,Consumer credit,-515,0.0,549.0,51.0,-498.0,51,-498.0,0.0,248850.0,0.0,inf,,0.0,inf
228575,5879436,Closed,currency 1,-915,0,-518.0,-550.0,,0,77152.5,0.0,,0.0,Consumer credit,-416,,397.0,365.0,-32.0,499,102.0,134.0,77152.5,0.0,,,,
228575,5879440,Closed,currency 1,-915,0,-648.0,-648.0,0.0,0,43771.86,0.0,0.0,0.0,Consumer credit,-648,0.0,267.0,267.0,0.0,267,0.0,0.0,43771.86,0.0,inf,,0.0,inf
228575,5879439,Closed,currency 1,-1147,0,-1105.0,-1105.0,0.0,0,17968.5,,,0.0,Consumer credit,-1103,,42.0,42.0,0.0,44,2.0,2.0,,,,,,
228575,5879438,Closed,currency 1,-1425,0,-1244.0,-1243.0,,0,22545.0,0.0,,0.0,Consumer credit,-1243,45000.0,181.0,182.0,1.0,182,1.0,0.0,22545.0,0.0,,,,
228575,5879437,Active,currency 1,-1602,0,-1244.0,,,0,23944.5,,,0.0,Consumer credit,-1425,0.0,358.0,,,177,-181.0,,,,,,,
228690,5746322,Closed,currency 1,-513,0,-481.0,-481.0,0.0,0,86139.315,0.0,0.0,0.0,Consumer credit,-475,,32.0,32.0,0.0,38,6.0,6.0,86139.315,0.0,inf,,0.0,inf
228690,5746321,Closed,currency 1,-2159,0,-1037.0,-1647.0,0.0,0,112500.0,0.0,0.0,0.0,Credit card,-1647,,1122.0,512.0,-610.0,512,-610.0,0.0,112500.0,0.0,inf,,0.0,inf
228690,5746320,Closed,currency 1,-2349,0,-2014.0,-2041.0,9270.0,0,83430.0,0.0,0.0,0.0,Consumer credit,-2013,,335.0,308.0,-27.0,336,1.0,28.0,83430.0,0.0,inf,,0.0,inf
236072,5649201,Active,currency 1,-474,0,,,,0,270000.0,266076.0,,0.0,Credit card,-13,,,,,461,,,3924.0,0.9854666666666667,,,,
236072,5649199,Closed,currency 1,-2192,0,-1885.0,-1885.0,,0,70758.0,0.0,0.0,0.0,Consumer credit,-1882,,307.0,307.0,0.0,310,3.0,3.0,70758.0,0.0,inf,,0.0,inf
236072,5649200,Closed,currency 1,-2795,0,-2494.0,-2269.0,,0,118462.5,,,0.0,Consumer credit,-2269,,301.0,526.0,225.0,526,225.0,0.0,,,,,,
236193,6199200,Active,currency 1,-169,0,196.0,,,0,91620.0,70339.5,0.0,0.0,Consumer credit,-67,,365.0,,,102,-263.0,,21280.5,0.7677308447937131,inf,inf,70339.5,1.3025398247073123
236193,6199199,Active,currency 1,-339,0,1031.0,,,0,135000.0,12469.5,0.0,0.0,Credit card,-67,,1370.0,,,272,-1098.0,,122530.5,0.09236666666666667,inf,inf,12469.5,10.826416456153014
236193,6199195,Closed,currency 1,-437,0,291.0,-408.0,,0,141750.0,0.0,0.0,0.0,Consumer credit,-403,,728.0,29.0,-699.0,34,-694.0,5.0,141750.0,0.0,inf,,0.0,inf
236193,6199205,Closed,currency 1,-563,0,-410.0,-410.0,0.0,0,157500.0,0.0,0.0,0.0,Consumer credit,-405,,153.0,153.0,0.0,158,5.0,5.0,157500.0,0.0,inf,,0.0,inf
236193,6199204,Closed,currency 1,-595,0,-536.0,-536.0,0.0,0,112500.0,0.0,0.0,0.0,Consumer credit,-531,,59.0,59.0,0.0,64,5.0,5.0,112500.0,0.0,inf,,0.0,inf
236193,6199202,Active,currency 1,-920,0,,,,0,27000.0,0.0,,0.0,Credit card,-825,,,,,95,,,27000.0,0.0,,,,
236193,6199203,Closed,currency 1,-1034,0,-578.0,-578.0,0.0,0,101745.0,0.0,0.0,0.0,Consumer credit,-573,,456.0,456.0,0.0,461,5.0,5.0,101745.0,0.0,inf,,0.0,inf
236193,6199197,Closed,currency 1,-1061,0,-873.0,-125.0,,0,112500.0,0.0,0.0,0.0,Credit card,-122,,188.0,936.0,748.0,939,751.0,3.0,112500.0,0.0,inf,,0.0,inf
236193,6199198,Closed,currency 1,-1321,0,-1018.0,-819.0,,0,78813.0,0.0,0.0,0.0,Consumer credit,-819,,303.0,502.0,199.0,502,199.0,0.0,78813.0,0.0,inf,,0.0,inf
236193,6199201,Closed,currency 1,-1406,0,-1223.0,-1223.0,,0,26055.0,0.0,,0.0,Consumer credit,-1105,,183.0,183.0,0.0,301,118.0,118.0,26055.0,0.0,,,,
236193,6199196,Closed,currency 1,-1407,0,-1223.0,-1222.0,,0,26055.0,0.0,0.0,0.0,Consumer credit,-760,,184.0,185.0,1.0,647,463.0,462.0,26055.0,0.0,inf,,0.0,inf
239994,6120833,Closed,currency 1,-779,0,-598.0,-627.0,0.0,0,18900.0,0.0,0.0,0.0,Consumer credit,-625,,181.0,152.0,-29.0,154,-27.0,2.0,18900.0,0.0,inf,,0.0,inf
239994,6120834,Closed,currency 1,-915,0,-368.0,-368.0,0.0,0,65250.0,0.0,0.0,0.0,Consumer credit,-367,,547.0,547.0,0.0,548,1.0,1.0,65250.0,0.0,inf,,0.0,inf
239994,6120832,Closed,currency 1,-1472,0,-1106.0,-1137.0,,0,42727.5,0.0,0.0,0.0,Consumer credit,-1137,0.0,366.0,335.0,-31.0,335,-31.0,0.0,42727.5,0.0,inf,,0.0,inf
260740,6179304,Closed,currency 1,-833,0,-529.0,-529.0,0.0,0,68580.0,0.0,0.0,0.0,Consumer credit,-526,,304.0,304.0,0.0,307,3.0,3.0,68580.0,0.0,inf,,0.0,inf
260839,5088790,Active,currency 1,-110,0,9006.0,,,0,5060475.0,5009872.5,0.0,0.0,Mortgage,-20,,9116.0,,,90,-9026.0,,50602.5,0.9900004446222933,inf,inf,5009872.5,1.0101005564512868
260839,5088799,Closed,currency 1,-644,0,-524.0,-483.0,22501.08,0,85455.0,0.0,0.0,0.0,Consumer credit,-483,,120.0,161.0,41.0,161,41.0,0.0,85455.0,0.0,inf,,0.0,inf
260839,5088793,Closed,currency 1,-713,0,,-115.0,,0,450000.0,,,0.0,Credit card,-114,,,598.0,,599,,1.0,,,,,,
260839,5088798,Closed,currency 1,-825,0,-276.0,-336.0,6527.835,0,114997.5,0.0,0.0,0.0,Consumer credit,-335,,549.0,489.0,-60.0,490,-59.0,1.0,114997.5,0.0,inf,,0.0,inf
260839,5088797,Closed,currency 1,-865,0,-500.0,-500.0,0.0,0,136980.0,0.0,0.0,0.0,Consumer credit,-500,,365.0,365.0,0.0,365,0.0,0.0,136980.0,0.0,inf,,0.0,inf
260839,5088796,Closed,currency 1,-1672,0,-1307.0,-1307.0,15701.985,0,72000.0,0.0,0.0,0.0,Consumer credit,-1307,,365.0,365.0,0.0,365,0.0,0.0,72000.0,0.0,inf,,0.0,inf
260839,5088795,Closed,currency 1,-1865,0,-1684.0,-1774.0,6474.825,0,21262.5,0.0,0.0,0.0,Consumer credit,-1494,,181.0,91.0,-90.0,371,190.0,280.0,21262.5,0.0,inf,,0.0,inf
260839,5088791,Closed,currency 1,-2545,0,-1997.0,-1414.0,,0,240750.0,0.0,,0.0,Consumer credit,-1412,,548.0,1131.0,583.0,1133,585.0,2.0,240750.0,0.0,,,,
260839,5088789,Closed,currency 1,-2755,0,-928.0,-922.0,,0,1125000.0,0.0,0.0,0.0,Consumer credit,-586,,1827.0,1833.0,6.0,2169,342.0,336.0,1125000.0,0.0,inf,,0.0,inf
260839,5088794,Closed,currency 1,-2756,0,-2664.0,-168.0,8804.025,0,25920.0,0.0,0.0,0.0,Consumer credit,-168,,92.0,2588.0,2496.0,2588,2496.0,0.0,25920.0,0.0,inf,,0.0,inf
263000,5634996,Active,currency 1,-243,0,1043.0,,,0,324000.0,253422.0,0.0,0.0,Credit card,-32,,1286.0,,,211,-1075.0,,70578.0,0.7821666666666667,inf,inf,253422.0,1.2784998934583423
263000,5634994,Active,currency 1,-465,0,1347.0,,0.0,0,0.0,0.0,0.0,0.0,Credit card,-465,,1812.0,,,0,-1812.0,,0.0,,,,0.0,
263000,5634992,Active,currency 1,-493,0,1316.0,,0.0,0,67500.0,0.0,0.0,0.0,Credit card,-491,,1809.0,,,2,-1807.0,,67500.0,0.0,inf,,0.0,inf
263000,5634993,Active,currency 1,-493,0,1316.0,,0.0,0,67500.0,0.0,0.0,0.0,Credit card,-491,,1809.0,,,2,-1807.0,,67500.0,0.0,inf,,0.0,inf
263000,5634991,Active,currency 1,-530,0,961.0,,0.0,0,1156888.8,0.0,0.0,0.0,Consumer credit,-443,,1491.0,,,87,-1404.0,,1156888.8,0.0,inf,,0.0,inf
263000,5634989,Active,currency 1,-535,0,1227.0,,0.0,0,0.0,0.0,0.0,0.0,Credit card,-530,,1762.0,,,5,-1757.0,,0.0,,,,0.0,
263000,5634990,Active,currency 1,-535,0,1227.0,,0.0,0,0.0,0.0,0.0,0.0,Credit card,-534,,1762.0,,,1,-1761.0,,0.0,,,,0.0,
263000,5634995,Closed,currency 1,-1947,0,-1643.0,-1645.0,,0,36810.0,0.0,0.0,0.0,Consumer credit,-1516,,304.0,302.0,-2.0,431,127.0,129.0,36810.0,0.0,inf,,0.0,inf
263000,5634997,Closed,currency 1,-2210,0,-1831.0,-1831.0,,0,67500.0,,,0.0,Credit card,-1831,,379.0,379.0,0.0,379,0.0,0.0,,,,,,
263000,5634998,Closed,currency 1,-2211,0,-1831.0,-1831.0,0.0,0,67500.0,0.0,0.0,0.0,Credit card,-1823,,380.0,380.0,0.0,388,8.0,8.0,67500.0,0.0,inf,,0.0,inf
263000,5634988,Closed,currency 1,-2507,0,-2294.0,-2323.0,0.0,0,26176.05,0.0,0.0,0.0,Consumer credit,-2323,,213.0,184.0,-29.0,184,-29.0,0.0,26176.05,0.0,inf,,0.0,inf
263000,5634987,Closed,currency 1,-2910,0,-1053.0,-1539.0,0.0,0,225000.0,0.0,0.0,0.0,Car loan,-1539,,1857.0,1371.0,-486.0,1371,-486.0,0.0,225000.0,0.0,inf,,0.0,inf
263762,6376278,Active,currency 1,-305,0,1521.0,,2291.4,0,236842.11,219070.215,0.0,0.0,Consumer credit,-30,7200.81,1826.0,,,275,-1551.0,,17771.89499999999,0.9249631115007378,inf,inf,219070.215,1.081124195728753
263762,6376268,Active,currency 1,-761,0,2744.0,,,0,2983500.0,2671492.5,0.0,0.0,Mortgage,-76,7200.81,3505.0,,,685,-2820.0,,312007.5,0.8954223227752639,inf,inf,2671492.5,1.1167914564611354
263762,6376277,Closed,currency 1,-816,0,-730.0,-730.0,10613.565,0,31921.245,0.0,0.0,0.0,Consumer credit,-730,7200.81,86.0,86.0,0.0,86,0.0,0.0,31921.245,0.0,inf,,0.0,inf
263762,6376267,Active,currency 1,-821,0,1005.0,,,0,315000.0,223069.5,0.0,0.0,Consumer credit,-76,7200.81,1826.0,,,745,-1081.0,,91930.5,0.7081571428571428,inf,inf,223069.5,1.4121159548929818
263762,6376276,Active,currency 1,-865,0,231.0,,4881.555,0,180000.0,174687.795,5312.205,0.0,Credit card,-28,7200.81,1096.0,,,837,-259.0,,5312.204999999987,0.9704877500000001,0.9999999999999976,32.88423451278707,180000.0,1.0
263762,6376275,Closed,currency 1,-915,0,-511.0,-511.0,2456.46,0,391375.665,0.0,0.0,0.0,Consumer credit,-511,7200.81,404.0,404.0,0.0,404,0.0,0.0,391375.665,0.0,inf,,0.0,inf
263762,6376274,Closed,currency 1,-1290,0,-915.0,-915.0,1718.91,0,116851.635,0.0,0.0,0.0,Consumer credit,-915,7200.81,375.0,375.0,0.0,375,0.0,0.0,116851.635,0.0,inf,,0.0,inf
263762,6376271,Closed,currency 1,-1448,0,-1267.0,-973.0,,0,74736.0,,,0.0,Consumer credit,-970,7200.81,181.0,475.0,294.0,478,297.0,3.0,,,,,,
263762,6376265,Closed,currency 1,-1487,0,-1137.0,-1085.0,,0,52528.5,0.0,0.0,0.0,Consumer credit,-1083,7200.81,350.0,402.0,52.0,404,54.0,2.0,52528.5,0.0,inf,,0.0,inf
263762,6376272,Closed,currency 1,-1501,0,-1137.0,-973.0,,0,52528.5,,,0.0,Consumer credit,-970,7200.81,364.0,528.0,164.0,531,167.0,3.0,,,,,,
263762,6376262,Closed,currency 1,-1510,0,-932.0,-959.0,0.0,0,113369.58,0.0,0.0,0.0,Consumer credit,-959,7200.81,578.0,551.0,-27.0,551,-27.0,0.0,113369.58,0.0,inf,,0.0,inf
263762,6376263,Closed,currency 1,-1510,0,-932.0,-959.0,0.0,0,16988.4,0.0,0.0,0.0,Consumer credit,-959,7200.81,578.0,551.0,-27.0,551,-27.0,0.0,16988.4,0.0,inf,,0.0,inf
263762,6376273,Closed,currency 1,-1573,0,-915.0,-915.0,1897.695,0,153409.095,0.0,0.0,0.0,Consumer credit,-915,7200.81,658.0,658.0,0.0,658,0.0,0.0,153409.095,0.0,inf,,0.0,inf
263762,6376266,Closed,currency 1,-1697,0,-1516.0,-1546.0,,0,21069.0,0.0,0.0,0.0,Consumer credit,-1538,7200.81,181.0,151.0,-30.0,159,-22.0,8.0,21069.0,0.0,inf,,0.0,inf
263762,6376270,Closed,currency 1,-1901,0,-1575.0,-1575.0,,0,29979.0,,,0.0,Credit card,-1575,7200.81,326.0,326.0,0.0,326,0.0,0.0,,,,,,
263762,6376264,Closed,currency 1,-1935,0,-839.0,-1007.0,,0,135000.0,0.0,0.0,0.0,Consumer credit,-84,7200.81,1096.0,928.0,-168.0,1851,755.0,923.0,135000.0,0.0,inf,,0.0,inf
263762,6376261,Closed,currency 1,-2118,0,-1722.0,-1751.0,3420.0,0,30953.52,0.0,0.0,0.0,Consumer credit,-1751,7200.81,396.0,367.0,-29.0,367,-29.0,0.0,30953.52,0.0,inf,,0.0,inf
263762,6376269,Closed,currency 1,-2469,0,-1771.0,-1771.0,,0,27396.0,,,0.0,Credit card,-1771,7200.81,698.0,698.0,0.0,698,0.0,0.0,,,,,,
268197,6506262,Active,currency 1,-130,0,27537.0,,0.0,0,22500.0,0.0,22500.0,0.0,Credit card,-38,,27667.0,,,92,-27575.0,,22500.0,0.0,1.0,0.0,22500.0,1.0
268197,6506261,Active,currency 1,-510,0,598.0,,,0,234000.0,241497.0,0.0,0.0,Credit card,-33,,1108.0,,,477,-631.0,,-7497.0,1.0320384615384615,-inf,inf,241497.0,0.9689561361010696
272976,5237149,Active,currency 1,-36,0,1062.0,,,0,283500.0,283500.0,0.0,0.0,Consumer credit,-24,3028.5,1098.0,,,12,-1086.0,,0.0,1.0,,inf,283500.0,1.0
272976,5237150,Active,currency 1,-282,0,1545.0,,,0,197406.0,182578.5,,0.0,Consumer credit,-8,6273.0,1827.0,,,274,-1553.0,,14827.5,0.9248883012674387,,,,
274375,5899435,Active,currency 1,-245,0,1582.0,,0.0,0,2540980.26,2350474.11,0.0,0.0,Car loan,-5,,1827.0,,,240,-1587.0,,190506.1499999999,0.9250265131929832,inf,inf,2350474.11,1.0810500950380602
274375,5899434,Active,currency 1,-641,0,1178.0,,,0,1350000.0,1110798.0,0.0,0.0,Consumer credit,-6,,1819.0,,,635,-1184.0,,239202.0,0.8228133333333333,inf,inf,1110798.0,1.2153424835118536
275465,6078776,Closed,currency 1,-36,0,,-33.0,,0,13500.0,0.0,,0.0,Consumer credit,-33,,,3.0,,3,,0.0,13500.0,0.0,,,,
275465,6078778,Closed,currency 1,-398,0,-125.0,-125.0,3290.445,0,47160.0,0.0,0.0,0.0,Consumer credit,-121,0.0,273.0,273.0,0.0,277,4.0,4.0,47160.0,0.0,inf,,0.0,inf
275465,6078777,Closed,currency 1,-539,0,-235.0,-235.0,5793.57,0,50882.94,0.0,0.0,0.0,Consumer credit,-233,0.0,304.0,304.0,0.0,306,2.0,2.0,50882.94,0.0,inf,,0.0,inf
275894,5474221,Closed,currency 1,-191,0,-7.0,-69.0,0.0,0,101610.0,0.0,0.0,0.0,Consumer credit,-67,,184.0,122.0,-62.0,124,-60.0,2.0,101610.0,0.0,inf,,0.0,inf
275894,5474220,Closed,currency 1,-252,0,,-33.0,0.0,0,37418.355,0.0,0.0,0.0,Credit card,-29,,,219.0,,223,,4.0,37418.355,0.0,inf,,0.0,inf
275894,5474219,Active,currency 1,-370,0,1456.0,,0.0,0,1514250.0,,,0.0,Consumer credit,-31,0.0,1826.0,,,339,-1487.0,,,,,,,
275894,5474218,Closed,currency 1,-450,0,1376.0,-364.0,0.0,0,1494000.0,,,0.0,Consumer credit,-364,,1826.0,86.0,-1740.0,86,-1740.0,0.0,,,,,,
275894,5474217,Closed,currency 1,-494,0,1332.0,-446.0,0.0,0,1350000.0,,,0.0,Consumer credit,-446,31986.0,1826.0,48.0,-1778.0,48,-1778.0,0.0,,,,,,
275894,5513011,Closed,currency 1,-600,0,497.0,-518.0,0.0,0,270000.0,,,0.0,Consumer credit,-518,,1097.0,82.0,-1015.0,82,-1015.0,0.0,,,,,,
275894,5513008,Closed,currency 1,-652,0,-468.0,-589.0,,0,98420.4,0.0,,0.0,Consumer credit,-570,,184.0,63.0,-121.0,82,-102.0,19.0,98420.4,0.0,,,,
275894,5513009,Closed,currency 1,-764,0,-739.0,-739.0,,0,38349.0,0.0,,0.0,Consumer credit,-736,31986.0,25.0,25.0,0.0,28,3.0,3.0,38349.0,0.0,,,,
275894,5474216,Closed,currency 1,-1001,0,94.0,-766.0,0.0,0,1215000.0,,,0.0,Consumer credit,-766,,1095.0,235.0,-860.0,235,-860.0,0.0,,,,,,
275894,5474213,Active,currency 1,-1005,0,5569.0,,,0,4500000.0,2629624.5,0.0,0.0,Mortgage,-14,,6574.0,,,991,-5583.0,,1870375.5,0.584361,inf,inf,2629624.5,1.7112709438172637
275894,5513010,Closed,currency 1,-1197,0,630.0,-1004.0,0.0,0,1012500.0,,,0.0,Consumer credit,-1004,0.0,1827.0,193.0,-1634.0,193,-1634.0,0.0,,,,,,
275894,5474215,Closed,currency 1,-1432,0,-1067.0,-1311.0,,0,90954.0,0.0,0.0,0.0,Consumer credit,-1311,,365.0,121.0,-244.0,121,-244.0,0.0,90954.0,0.0,inf,,0.0,inf
275894,5474214,Closed,currency 1,-1570,0,-1175.0,-1175.0,,0,193590.0,0.0,0.0,0.0,Consumer credit,-750,,395.0,395.0,0.0,820,425.0,425.0,193590.0,0.0,inf,,0.0,inf
277789,5500929,Active,currency 1,-165,0,566.0,,,0,233100.0,191628.0,0.0,0.0,Consumer credit,-7,0.0,731.0,,,158,-573.0,,41472.0,0.8220849420849421,inf,inf,191628.0,1.2164193124178095
277789,5500927,Closed,currency 1,-557,0,-253.0,-281.0,,0,38205.0,0.0,0.0,0.0,Consumer credit,-280,0.0,304.0,276.0,-28.0,277,-27.0,1.0,38205.0,0.0,inf,,0.0,inf
277789,5500926,Closed,currency 1,-916,0,-582.0,-641.0,,0,126517.68,0.0,,0.0,Consumer credit,-640,0.0,334.0,275.0,-59.0,276,-58.0,1.0,126517.68,0.0,,,,
277789,5500928,Closed,currency 1,-1558,0,-1379.0,-1379.0,,0,26658.0,0.0,0.0,0.0,Consumer credit,-1374,,179.0,179.0,0.0,184,5.0,5.0,26658.0,0.0,inf,,0.0,inf
277789,5500930,Closed,currency 1,-1561,0,-1379.0,-1026.0,,0,26658.0,,,0.0,Consumer credit,-1023,0.0,182.0,535.0,353.0,538,356.0,3.0,,,,,,
284289,5796459,Active,currency 1,-11,0,19.0,,,0,22500.0,12069.0,0.0,0.0,Consumer credit,-2,0.0,30.0,,,9,-21.0,,10431.0,0.5364,inf,inf,12069.0,1.8642803877703207
284289,5796463,Active,currency 1,-196,0,1630.0,,,0,454500.0,427527.0,0.0,0.0,Consumer credit,-7,12424.5,1826.0,,,189,-1637.0,,26973.0,0.9406534653465346,inf,inf,427527.0,1.0630907521630213
284289,5796460,Active,currency 1,-407,0,706.0,,,0,135000.0,129870.0,0.0,0.0,Credit card,-158,,1113.0,,,249,-864.0,,5130.0,0.962,inf,inf,129870.0,1.0395010395010396
284289,5796461,Active,currency 1,-492,0,1334.0,,,0,180000.0,145314.0,0.0,0.0,Consumer credit,-2,4428.0,1826.0,,,490,-1336.0,,34686.0,0.8073,inf,inf,145314.0,1.2386968908708038
284289,5796462,Active,currency 1,-968,0,858.0,,,0,454500.0,274081.5,0.0,0.0,Consumer credit,-22,11970.0,1826.0,,,946,-880.0,,180418.5,0.603039603960396,inf,inf,274081.5,1.6582658807690414
284289,5796458,Closed,currency 1,-1584,0,242.0,-967.0,,0,225000.0,0.0,0.0,0.0,Consumer credit,-718,0.0,1826.0,617.0,-1209.0,866,-960.0,249.0,225000.0,0.0,inf,,0.0,inf
284402,5438580,Active,currency 1,-334,0,939.0,,,0,1350000.0,,,0.0,Loan for business development,-71,,1273.0,,,263,-1010.0,,,,,,,
284402,5438582,Active,currency 1,-334,0,939.0,,,0,1350000.0,,,0.0,Loan for business development,-35,,1273.0,,,299,-974.0,,,,,,,
284402,5438581,Active,currency 1,-1069,0,,,,0,112500.0,,,0.0,Credit card,-38,,,,,1031,,,,,,,,
286211,5590168,Closed,currency 1,-387,0,-322.0,-79.0,,0,67500.0,0.0,0.0,0.0,Credit card,-76,,65.0,308.0,243.0,311,246.0,3.0,67500.0,0.0,inf,,0.0,inf
289364,5192373,Active,currency 1,-145,0,161.0,,0.0,0,49275.0,30928.5,0.0,0.0,Consumer credit,-16,,306.0,,,129,-177.0,,18346.5,0.6276712328767123,inf,inf,30928.5,1.5931907463989525
289364,5192370,Active,currency 1,-197,0,,,,0,90000.0,,,0.0,Credit card,-10,,,,,187,,,,,,,,
289364,5192371,Active,currency 1,-197,0,349.0,,,0,165073.5,,,0.0,Consumer credit,-10,,546.0,,,187,-359.0,,,,,,,
289364,5192372,Closed,currency 1,-888,0,-613.0,-613.0,0.0,0,33187.5,0.0,0.0,0.0,Consumer credit,-613,,275.0,275.0,0.0,275,0.0,0.0,33187.5,0.0,inf,,0.0,inf
289364,5192368,Closed,currency 1,-994,0,-842.0,-870.0,0.0,0,22644.0,0.0,0.0,0.0,Consumer credit,-870,,152.0,124.0,-28.0,124,-28.0,0.0,22644.0,0.0,inf,,0.0,inf
289364,5192369,Closed,currency 1,-2489,0,-2185.0,-2167.0,,0,93474.0,,,0.0,Consumer credit,-2167,,304.0,322.0,18.0,322,18.0,0.0,,,,,,
289364,5192367,Closed,currency 1,-2749,0,-1623.0,-616.0,0.0,0,180000.0,0.0,0.0,0.0,Credit card,-616,,1126.0,2133.0,1007.0,2133,1007.0,0.0,180000.0,0.0,inf,,0.0,inf
289364,5192366,Closed,currency 1,-2848,0,-2514.0,-2571.0,6360.525,0,58391.55,0.0,0.0,0.0,Consumer credit,-2571,,334.0,277.0,-57.0,277,-57.0,0.0,58391.55,0.0,inf,,0.0,inf
290663,6481124,Active,currency 1,-262,0,1564.0,,,0,900000.0,,,0.0,Consumer credit,-41,4005.945,1826.0,,,221,-1605.0,,,,,,,
290663,6630433,Closed,currency 1,-1310,0,-305.0,-305.0,,0,0.0,0.0,,0.0,Credit card,-6,4005.945,1005.0,1005.0,0.0,1304,299.0,299.0,0.0,,,,,
290663,6481123,Active,currency 1,-1595,0,-134.0,,,0,112500.0,0.0,,0.0,Credit card,-258,4005.945,1461.0,,,1337,-124.0,,112500.0,0.0,,,,
290663,6481125,Active,currency 1,-1677,0,149.0,,,0,3507525.0,215136.0,,0.0,Consumer credit,-7,4005.945,1826.0,,,1670,-156.0,,3292389.0,0.061335557123612806,,,,
290663,6481122,Closed,currency 1,-1806,0,20.0,-1415.0,,0,593190.0,0.0,,0.0,Consumer credit,-1413,4005.945,1826.0,391.0,-1435.0,393,-1433.0,2.0,593190.0,0.0,,,,
290663,6481121,Closed,currency 1,-2664,0,30968.0,-1313.0,,0,0.0,0.0,,0.0,Credit card,-1305,0.0,33632.0,1351.0,-32281.0,1359,-32273.0,8.0,0.0,,,,,
290827,6022218,Closed,currency 1,-835,0,30952.0,-542.0,,0,0.0,0.0,0.0,0.0,Credit card,-531,,31787.0,293.0,-31494.0,304,-31483.0,11.0,0.0,,,,0.0,
290827,6022217,Closed,currency 1,-835,0,-470.0,-470.0,,0,159066.0,0.0,0.0,0.0,Consumer credit,-463,,365.0,365.0,0.0,372,7.0,7.0,159066.0,0.0,inf,,0.0,inf
290827,6022216,Closed,currency 1,-1134,0,-830.0,-858.0,,0,46764.0,0.0,,0.0,Consumer credit,-814,,304.0,276.0,-28.0,320,16.0,44.0,46764.0,0.0,,,,
290909,5628351,Closed,currency 1,-330,0,10628.0,-208.0,0.0,0,33750.0,,,0.0,Credit card,-208,6543.0,10958.0,122.0,-10836.0,122,-10836.0,0.0,,,,,,
290909,5628350,Active,currency 1,-482,0,704.0,,,0,526491.0,394465.5,,0.0,Consumer credit,-10,20659.5,1186.0,,,472,-714.0,,132025.5,0.7492350296586267,,,,
290909,6153472,Closed,currency 1,-482,0,,-482.0,,0,90000.0,,,0.0,Credit card,-482,,,0.0,,0,,0.0,,,,,,
290909,5628349,Closed,currency 1,-1651,0,-555.0,-608.0,,0,341635.5,232276.5,,0.0,Consumer credit,-608,,1096.0,1043.0,-53.0,1043,-53.0,0.0,109359.0,0.6798956782887025,,,,
290909,6153471,Closed,currency 1,-2720,0,-1624.0,-1637.0,,0,207450.0,0.0,,0.0,Consumer credit,-1635,0.0,1096.0,1083.0,-13.0,1085,-11.0,2.0,207450.0,0.0,,,,
291768,6390359,Active,currency 1,-1205,0,-109.0,,0.0,0,135000.0,0.0,0.0,0.0,Credit card,-170,,1096.0,,,1035,-61.0,,135000.0,0.0,inf,,0.0,inf
291768,6390358,Closed,currency 1,-1303,0,-999.0,-999.0,0.0,0,114250.5,,,0.0,Consumer credit,-993,,304.0,304.0,0.0,310,6.0,6.0,,,,,,
291768,6390357,Active,currency 1,-1340,0,,,0.0,0,288000.0,284562.0,0.0,0.0,Credit card,-12,,,,,1328,,,3438.0,0.9880625,inf,inf,284562.0,1.0120817255993422
291768,6390356,Closed,currency 1,-1566,0,-1201.0,-1201.0,0.0,0,110880.0,0.0,0.0,0.0,Consumer credit,-1201,,365.0,365.0,0.0,365,0.0,0.0,110880.0,0.0,inf,,0.0,inf
291768,6390347,Closed,currency 1,-1567,0,-1202.0,-1202.0,,0,118800.0,0.0,0.0,0.0,Consumer credit,-1201,,365.0,365.0,0.0,366,1.0,1.0,118800.0,0.0,inf,,0.0,inf
291768,6390346,Closed,currency 1,-1567,0,-1201.0,-1198.0,,0,110880.0,0.0,0.0,0.0,Consumer credit,-881,,366.0,369.0,3.0,686,320.0,317.0,110880.0,0.0,inf,,0.0,inf
291768,6390350,Closed,currency 1,-1611,0,-1369.0,-1366.0,,0,27000.0,0.0,,0.0,Consumer credit,-1366,,242.0,245.0,3.0,245,3.0,0.0,27000.0,0.0,,,,
291768,6390351,Closed,currency 1,-1967,0,-1323.0,-1323.0,,0,220716.0,,,0.0,Consumer credit,-1323,,644.0,644.0,0.0,644,0.0,0.0,,,,,,
291768,6390355,Closed,currency 1,-2005,0,-1821.0,-1821.0,0.0,0,74448.0,0.0,0.0,0.0,Consumer credit,-1610,,184.0,184.0,0.0,395,211.0,211.0,74448.0,0.0,inf,,0.0,inf
291768,6390348,Sold,currency 1,-2185,0,-2008.0,,,0,30753.0,,,0.0,Credit card,-2125,,177.0,,,60,-117.0,,,,,,,
291768,6390349,Closed,currency 1,-2185,0,-2022.0,-2022.0,,0,30753.0,,,0.0,Consumer credit,-2022,,163.0,163.0,0.0,163,0.0,0.0,,,,,,
291768,6390354,Closed,currency 1,-2440,0,-2136.0,-2136.0,0.0,0,40455.0,0.0,0.0,0.0,Consumer credit,-1610,,304.0,304.0,0.0,830,526.0,526.0,40455.0,0.0,inf,,0.0,inf
291768,6390353,Closed,currency 1,-2919,0,-2554.0,-2554.0,0.0,0,36814.5,0.0,0.0,0.0,Consumer credit,-2553,,365.0,365.0,0.0,366,1.0,1.0,36814.5,0.0,inf,,0.0,inf
291853,5299345,Active,currency 1,-240,0,856.0,,,0,389047.5,,,0.0,Consumer credit,-24,,1096.0,,,216,-880.0,,,,,,,
291853,5299342,Closed,currency 1,-361,0,,-296.0,,0,90000.0,,,0.0,Credit card,-296,,,65.0,,65,,0.0,,,,,,
291853,5299344,Active,currency 1,-361,0,1465.0,,,0,853200.0,,,0.0,Consumer credit,-26,,1826.0,,,335,-1491.0,,,,,,,
291853,5299341,Closed,currency 1,-898,0,,-410.0,,0,450000.0,,,0.0,Credit card,-410,,,488.0,,488,,0.0,,,,,,
291853,5299343,Closed,currency 1,-1386,0,440.0,-54.0,,0,705645.0,620815.5,,0.0,Car loan,-54,,1826.0,1332.0,-494.0,1332,-494.0,0.0,84829.5,0.8797844525221605,,,,
295308,6664913,Closed,currency 1,-621,0,-437.0,-437.0,0.0,0,33412.68,0.0,0.0,0.0,Consumer credit,-431,,184.0,184.0,0.0,190,6.0,6.0,33412.68,0.0,inf,,0.0,inf
295308,5794885,Active,currency 1,-699,0,385.0,,,0,324000.0,165055.5,0.0,0.0,Credit card,-3,,1084.0,,,696,-388.0,,158944.5,0.5094305555555556,inf,inf,165055.5,1.9629760898606832
295308,6664912,Closed,currency 1,-1359,0,-1053.0,-1084.0,,0,45076.5,0.0,0.0,0.0,Consumer credit,-863,,306.0,275.0,-31.0,496,190.0,221.0,45076.5,0.0,inf,,0.0,inf
298248,6640360,Closed,currency 1,-2310,0,-2005.0,-2005.0,0.0,0,115425.0,0.0,0.0,0.0,Consumer credit,-2005,,305.0,305.0,0.0,305,0.0,0.0,115425.0,0.0,inf,,0.0,inf
301928,5309891,Active,currency 1,-341,0,1485.0,,0.0,0,370350.0,,,0.0,Consumer credit,-42,,1826.0,,,299,-1527.0,,,,,,,
301928,5309890,Active,currency 1,-490,0,240.0,,,0,254236.5,174690.0,,0.0,Consumer credit,-158,,730.0,,,332,-398.0,,79546.5,0.6871161300600032,,,,
302969,5683929,Active,currency 1,-178,0,1648.0,,,0,495000.0,476050.5,0.0,0.0,Consumer credit,-36,17325.0,1826.0,,,142,-1684.0,,18949.5,0.9617181818181818,inf,inf,476050.5,1.0398056508710736
302969,5683930,Active,currency 1,-179,0,125.0,,,0,99589.5,,,0.0,Consumer credit,-10,,304.0,,,169,-135.0,,,,,,,
302969,5683928,Active,currency 1,-388,0,1438.0,,,0,257400.0,221265.0,0.0,0.0,Consumer credit,-7,0.0,1826.0,,,381,-1445.0,,36135.0,0.8596153846153847,inf,inf,221265.0,1.1633109619686801
302969,5683932,Closed,currency 1,-390,0,-86.0,-59.0,315.765,0,39868.2,0.0,0.0,0.0,Consumer credit,-54,0.0,304.0,331.0,27.0,336,32.0,5.0,39868.2,0.0,inf,,0.0,inf
302969,5683927,Closed,currency 1,-567,0,1259.0,-178.0,,0,252000.0,0.0,0.0,0.0,Consumer credit,-116,17325.0,1826.0,389.0,-1437.0,451,-1375.0,62.0,252000.0,0.0,inf,,0.0,inf
302969,5683931,Active,currency 1,-854,0,,,0.0,0,173250.0,0.0,173250.0,0.0,Credit card,-33,17325.0,,,,821,,,173250.0,0.0,1.0,0.0,173250.0,1.0
312486,5999015,Active,currency 1,-386,0,1371.0,,,0,0.0,0.0,0.0,0.0,Credit card,-17,16948.935,1757.0,,,369,-1388.0,,0.0,,,,0.0,
312486,5999016,Active,currency 1,-386,0,1371.0,,,0,0.0,0.0,0.0,0.0,Credit card,-17,16948.935,1757.0,,,369,-1388.0,,0.0,,,,0.0,
312486,5999019,Active,currency 1,-386,0,344.0,,,0,180000.0,133875.0,,0.0,Consumer credit,-28,16948.935,730.0,,,358,-372.0,,46125.0,0.74375,,,,
312486,5999020,Active,currency 1,-430,0,300.0,,,0,112495.5,70015.5,,0.0,Consumer credit,-22,,730.0,,,408,-322.0,,42480.0,0.6223848953958159,,,,
312486,5999021,Active,currency 1,-864,0,-652.0,,18450.315,0,118642.5,0.0,0.0,0.0,Consumer credit,-96,,212.0,,,768,556.0,,118642.5,0.0,inf,,0.0,inf
312486,5999018,Closed,currency 1,-1394,0,-1213.0,-1111.0,,0,18301.5,,,0.0,Consumer credit,-1108,16948.935,181.0,283.0,102.0,286,105.0,3.0,,,,,,
312486,5999017,Closed,currency 1,-1395,0,-656.0,-656.0,,0,0.0,0.0,0.0,0.0,Credit card,-647,5188.5,739.0,739.0,0.0,748,9.0,9.0,0.0,,,,0.0,
325474,5277222,Active,currency 1,-33,0,,,,0,40500.0,0.0,,0.0,Microloan,-31,,,,,2,,,40500.0,0.0,,,,
325474,5277224,Active,currency 1,-33,0,,,,0,40500.0,56902.5,,0.0,Microloan,-27,,,,,6,,,-16402.5,1.405,,,,
325474,5277219,Closed,currency 1,-41,0,-33.0,-33.0,,0,27000.0,0.0,,0.0,Microloan,-32,,8.0,8.0,0.0,9,1.0,1.0,27000.0,0.0,,,,
325474,5277220,Closed,currency 1,-43,0,,-33.0,,0,40500.0,0.0,,0.0,Microloan,-33,,,10.0,,10,,0.0,40500.0,0.0,,,,
325474,5277225,Closed,currency 1,-56,0,-33.0,-33.0,,0,27000.0,0.0,,0.0,Microloan,-27,,23.0,23.0,0.0,29,6.0,6.0,27000.0,0.0,,,,
325474,5277215,Closed,currency 1,-57,0,-12.0,-43.0,,0,22500.0,0.0,,0.0,Microloan,-40,,45.0,14.0,-31.0,17,-28.0,3.0,22500.0,0.0,,,,
325474,5277221,Active,currency 1,-58,0,,,,0,33750.0,,,0.0,Microloan,-32,,,,,26,,,,,,,,
325474,5277214,Closed,currency 1,-60,0,,-46.0,,0,22500.0,0.0,,0.0,Microloan,-46,,,14.0,,14,,0.0,22500.0,0.0,,,,
325474,5277208,Active,currency 1,-61,0,-33.0,,,0,27000.0,34776.0,0.0,0.0,Consumer credit,-59,,28.0,,,2,-26.0,,-7776.0,1.288,-inf,inf,34776.0,0.7763975155279503
325474,5277212,Closed,currency 1,-72,0,-67.0,-66.0,,0,13500.0,0.0,,0.0,Microloan,-65,,5.0,6.0,1.0,7,2.0,1.0,13500.0,0.0,,,,
325474,5277223,Active,currency 1,-83,0,,,,0,45000.0,42858.0,,0.0,Credit card,-37,,,,,46,,,2142.0,0.9524,,,,
325474,5277226,Closed,currency 1,-84,0,-56.0,-56.0,,0,18000.0,0.0,,0.0,Microloan,-27,,28.0,28.0,0.0,57,29.0,29.0,18000.0,0.0,,,,
325474,5277213,Active,currency 1,-89,0,836.0,,,0,4.5,0.0,,0.0,Credit card,-68,,925.0,,,21,-904.0,,4.5,0.0,,,,
325474,5277211,Active,currency 1,-239,0,3413.0,,,0,481500.0,434362.5,0.0,0.0,Credit card,-31,,3652.0,,,208,-3444.0,,47137.5,0.9021028037383177,inf,inf,434362.5,1.1085211085211084
325474,5277216,Active,currency 1,-267,0,106.0,,,0,94009.5,43060.5,,0.0,Consumer credit,-35,,373.0,,,232,-141.0,,50949.0,0.45804413383753767,,,,
325474,5277209,Active,currency 1,-302,0,825.0,,,0,364500.0,320472.0,0.0,0.0,Consumer credit,-53,,1127.0,,,249,-878.0,,44028.0,0.8792098765432099,inf,inf,320472.0,1.1373848573354302
325474,5277217,Active,currency 1,-343,0,,,,0,270000.0,275103.0,,0.0,Credit card,-34,,,,,309,,,-5103.0,1.0189,,,,
325474,5277206,Active,currency 1,-501,0,8437.0,,,0,7605000.0,7512075.0,0.0,0.0,Mortgage,-54,,8938.0,,,447,-8491.0,,92925.0,0.9877810650887574,inf,inf,7512075.0,1.0123700841644951
325474,5277210,Active,currency 1,-797,0,287.0,,,0,378000.0,430474.5,0.0,0.0,Credit card,-46,,1084.0,,,751,-333.0,,-52474.5,1.1388214285714287,-inf,inf,430474.5,0.8781007934267884
325474,5277218,Closed,currency 1,-913,0,-544.0,-544.0,,0,135000.0,0.0,,0.0,Credit card,-34,,369.0,369.0,0.0,879,510.0,510.0,135000.0,0.0,,,,
325474,5277227,Closed,currency 1,-957,0,-678.0,-678.0,0.0,0,71649.0,,,0.0,Consumer credit,-676,,279.0,279.0,0.0,281,2.0,2.0,,,,,,
325474,5277207,Closed,currency 1,-1018,0,-216.0,-189.0,,0,481500.0,0.0,0.0,0.0,Credit card,-156,,802.0,829.0,27.0,862,60.0,33.0,481500.0,0.0,inf,,0.0,inf
331029,5056916,Active,currency 1,-34,0,1427.0,,0.0,0,699750.0,699750.0,0.0,0.0,Consumer credit,-29,,1461.0,,,5,-1456.0,,0.0,1.0,,inf,699750.0,1.0
331029,5056915,Closed,currency 1,-132,0,-34.0,-34.0,0.0,0,159386.085,0.0,0.0,0.0,Consumer credit,-34,,98.0,98.0,0.0,98,0.0,0.0,159386.085,0.0,inf,,0.0,inf
331029,5056914,Closed,currency 1,-2242,0,-1938.0,-1938.0,0.0,0,55363.5,0.0,0.0,0.0,Consumer credit,-1938,,304.0,304.0,0.0,304,0.0,0.0,55363.5,0.0,inf,,0.0,inf
331029,5056912,Closed,currency 1,-2429,0,-574.0,-937.0,59535.0,0,1825200.0,0.0,0.0,0.0,Car loan,-937,,1855.0,1492.0,-363.0,1492,-363.0,0.0,1825200.0,0.0,inf,,0.0,inf
331029,5056913,Closed,currency 1,-2470,0,-2288.0,-2288.0,0.0,0,43515.0,0.0,0.0,0.0,Consumer credit,-2288,,182.0,182.0,0.0,182,0.0,0.0,43515.0,0.0,inf,,0.0,inf
331029,5056911,Closed,currency 1,-2641,0,-1531.0,-1780.0,0.0,0,225000.0,0.0,0.0,0.0,Credit card,-1780,,1110.0,861.0,-249.0,861,-249.0,0.0,225000.0,0.0,inf,,0.0,inf
331029,5056910,Closed,currency 1,-2740,0,-1249.0,-1581.0,24004.8,0,864000.0,0.0,0.0,0.0,Car loan,-1581,,1491.0,1159.0,-332.0,1159,-332.0,0.0,864000.0,0.0,inf,,0.0,inf
340116,6584418,Closed,currency 1,-115,0,1319.0,-101.0,0.0,0,877500.0,0.0,0.0,0.0,Consumer credit,-101,,1434.0,14.0,-1420.0,14,-1420.0,0.0,877500.0,0.0,inf,,0.0,inf
340116,6584417,Active,currency 1,-507,0,318.0,,5651.685,0,360000.0,137485.98,0.0,0.0,Consumer credit,-16,,825.0,,,491,-334.0,,222514.02,0.3819055,inf,inf,137485.98,2.6184488047435814
340116,6584416,Closed,currency 1,-782,0,-417.0,-570.0,0.0,0,105790.5,0.0,0.0,0.0,Consumer credit,-570,,365.0,212.0,-153.0,212,-153.0,0.0,105790.5,0.0,inf,,0.0,inf
340116,6584415,Closed,currency 1,-839,0,-729.0,-729.0,0.0,0,32431.725,0.0,0.0,0.0,Consumer credit,-727,,110.0,110.0,0.0,112,2.0,2.0,32431.725,0.0,inf,,0.0,inf
340116,6584414,Closed,currency 1,-856,0,-248.0,-248.0,0.0,0,561780.0,0.0,0.0,0.0,Consumer credit,-236,,608.0,608.0,0.0,620,12.0,12.0,561780.0,0.0,inf,,0.0,inf
340116,6584413,Closed,currency 1,-1045,0,-677.0,-677.0,0.0,0,240930.0,0.0,0.0,0.0,Consumer credit,-663,,368.0,368.0,0.0,382,14.0,14.0,240930.0,0.0,inf,,0.0,inf
348385,6297033,Active,currency 1,-282,0,,,,0,90000.0,26964.0,,0.0,Consumer credit,-25,,,,,257,,,63036.0,0.2996,,,,
350186,5147078,Active,currency 1,-21,0,,,,0,13500.0,14580.0,,0.0,Microloan,-2,,,,,19,,,-1080.0,1.08,,,,
352518,5743638,Closed,currency 1,-1463,0,-92.0,-851.0,,0,225000.0,0.0,0.0,0.0,Consumer credit,-258,0.0,1371.0,612.0,-759.0,1205,-166.0,593.0,225000.0,0.0,inf,,0.0,inf
357950,6653037,Active,currency 1,-50,0,559.0,,,0,176083.74,169529.985,,0.0,Consumer credit,-2,,609.0,,,48,-561.0,,6553.755000000005,0.9627804645675971,,,,
357950,6653045,Active,currency 1,-336,29,1490.0,,,0,540000.0,486103.5,0.0,738.0,Consumer credit,-28,,1826.0,,,308,-1518.0,,53896.5,0.9001916666666666,inf,inf,486103.5,1.110874535978449
357950,6653044,Active,currency 1,-675,0,673.0,,,0,225000.0,215986.5,0.0,0.0,Credit card,-31,,1348.0,,,644,-704.0,,9013.5,0.95994,inf,inf,215986.5,1.041731774902598
357950,6653046,Active,currency 1,-675,0,1151.0,,,0,1341000.0,1023952.5,0.0,0.0,Consumer credit,-31,,1826.0,,,644,-1182.0,,317047.5,0.7635738255033557,inf,inf,1023952.5,1.3096310619877387
357950,6653048,Closed,currency 1,-850,0,10107.0,-790.0,0.0,0,76500.0,,,0.0,Credit card,-790,,10957.0,60.0,-10897.0,60,-10897.0,0.0,,,,,,
357950,6653047,Closed,currency 1,-881,0,945.0,-674.0,0.0,0,1350000.0,,,0.0,Consumer credit,-674,,1826.0,207.0,-1619.0,207,-1619.0,0.0,,,,,,
357950,6653038,Closed,currency 1,-1240,0,-874.0,-904.0,,0,95134.5,0.0,0.0,0.0,Consumer credit,-849,0.0,366.0,336.0,-30.0,391,25.0,55.0,95134.5,0.0,inf,,0.0,inf
358133,6679527,Active,currency 1,-658,0,,,,0,130500.0,,,0.0,Credit card,-55,,,,,603,,,,,,,,
358133,6679526,Closed,currency 1,-923,0,-834.0,-834.0,,0,22527.0,0.0,,0.0,Consumer credit,-824,,89.0,89.0,0.0,99,10.0,10.0,22527.0,0.0,,,,
358133,6679525,Closed,currency 1,-924,0,-833.0,-833.0,,0,22527.0,0.0,0.0,0.0,Consumer credit,-698,,91.0,91.0,0.0,226,135.0,135.0,22527.0,0.0,inf,,0.0,inf
366325,5545068,Closed,currency 1,-1130,0,-1029.0,-1028.0,,0,105300.0,0.0,0.0,0.0,Credit card,-715,,101.0,102.0,1.0,415,314.0,313.0,105300.0,0.0,inf,,0.0,inf
366325,5545069,Closed,currency 1,-1187,0,-1075.0,-1093.0,,0,63144.0,0.0,,0.0,Consumer credit,-1068,,112.0,94.0,-18.0,119,7.0,25.0,63144.0,0.0,,,,
366325,5545067,Closed,currency 1,-1188,0,-1075.0,-1063.0,,0,63144.0,0.0,0.0,0.0,Consumer credit,-715,,113.0,125.0,12.0,473,360.0,348.0,63144.0,0.0,inf,,0.0,inf
366325,5545066,Active,currency 1,-1681,0,145.0,,0.0,0,4500.0,0.0,0.0,0.0,Credit card,-636,,1826.0,,,1045,-781.0,,4500.0,0.0,inf,,0.0,inf
366325,5545065,Closed,currency 1,-1681,0,-1469.0,-1498.0,0.0,0,63571.68,0.0,0.0,0.0,Consumer credit,-932,,212.0,183.0,-29.0,749,537.0,566.0,63571.68,0.0,inf,,0.0,inf
366325,5545064,Closed,currency 1,-2232,0,-375.0,-647.0,12825.0,0,486036.0,0.0,0.0,0.0,Consumer credit,-647,,1857.0,1585.0,-272.0,1585,-272.0,0.0,486036.0,0.0,inf,,0.0,inf
366325,5545063,Closed,currency 1,-2644,0,-2309.0,-2337.0,0.0,0,82845.0,0.0,0.0,0.0,Consumer credit,-2337,,335.0,307.0,-28.0,307,-28.0,0.0,82845.0,0.0,inf,,0.0,inf
386172,6334907,Active,currency 1,-44,0,,,0.0,0,90000.0,88870.5,1129.5,0.0,Credit card,-17,,,,,27,,,1129.5,0.98745,1.0,78.6812749003984,90000.0,1.0
386172,6334906,Active,currency 1,-797,0,1029.0,,,0,436500.0,299241.0,0.0,0.0,Consumer credit,-14,,1826.0,,,783,-1043.0,,137259.0,0.6855463917525774,inf,inf,299241.0,1.4586904869319377
386172,6334905,Active,currency 1,-1018,0,-836.0,,,0,22500.0,0.0,0.0,0.0,Consumer credit,-306,,182.0,,,712,530.0,,22500.0,0.0,inf,,0.0,inf
389463,5349540,Active,currency 1,-263,0,27533.0,,0.0,0,315000.0,314719.875,280.125,0.0,Credit card,-14,,27796.0,,,249,-27547.0,,280.125,0.9991107142857143,1.0,1123.4979919678715,315000.0,1.0
389463,5349538,Active,currency 1,-462,0,31184.0,,,0,189000.0,192775.5,0.0,0.0,Credit card,-12,,31646.0,,,450,-31196.0,,-3775.5,1.0199761904761904,-inf,inf,192775.5,0.9804150423679358
389463,5349539,Active,currency 1,-479,0,,,,0,135000.0,,,0.0,Credit card,-13,,,,,466,,,,,,,,
389463,5349537,Closed,currency 1,-2860,0,-1764.0,-630.0,,0,1354500.0,0.0,0.0,0.0,Consumer credit,-626,,1096.0,2230.0,1134.0,2234,1138.0,4.0,1354500.0,0.0,inf,,0.0,inf
390349,5241474,Closed,currency 1,-973,0,-760.0,-789.0,6366.42,0,28438.2,0.0,0.0,0.0,Consumer credit,-789,,213.0,184.0,-29.0,184,-29.0,0.0,28438.2,0.0,inf,,0.0,inf
390349,5241475,Active,currency 1,-973,0,803.0,,0.0,0,0.0,0.0,0.0,0.0,Credit card,-670,,1776.0,,,303,-1473.0,,0.0,,,,0.0,
390349,5241473,Closed,currency 1,-2556,0,-2343.0,-2371.0,4140.0,0,22034.61,0.0,0.0,0.0,Consumer credit,-2371,,213.0,185.0,-28.0,185,-28.0,0.0,22034.61,0.0,inf,,0.0,inf
390349,5241472,Closed,currency 1,-2878,0,-2482.0,-1917.0,90.0,0,28305.0,0.0,0.0,0.0,Consumer credit,-1917,,396.0,961.0,565.0,961,565.0,0.0,28305.0,0.0,inf,,0.0,inf
407656,5923110,Active,currency 1,-537,0,-42.0,,,0,40500.0,0.0,0.0,0.0,Credit card,-40,,495.0,,,497,2.0,,40500.0,0.0,inf,,0.0,inf
407656,5923100,Active,currency 1,-575,0,1241.0,,,0,0.0,0.0,0.0,0.0,Credit card,-23,,1816.0,,,552,-1264.0,,0.0,,,,0.0,
407656,5923101,Active,currency 1,-598,0,1241.0,,,0,31500.0,34805.52,,0.0,Credit card,-17,,1839.0,,,581,-1258.0,,-3305.519999999997,1.1049371428571428,,,,
407656,5923106,Closed,currency 1,-1116,0,-934.0,-932.0,,0,27922.5,0.0,,0.0,Consumer credit,-448,,182.0,184.0,2.0,668,486.0,484.0,27922.5,0.0,,,,
407656,5923114,Closed,currency 1,-1173,0,-745.0,-745.0,4011.57,0,97710.615,0.0,0.0,0.0,Consumer credit,-739,,428.0,428.0,0.0,434,6.0,6.0,97710.615,0.0,inf,,0.0,inf
407656,5923104,Closed,currency 1,-1456,0,-1122.0,-1145.0,,0,52650.0,0.0,,0.0,Consumer credit,-799,,334.0,311.0,-23.0,657,323.0,346.0,52650.0,0.0,,,,
407656,5923112,Closed,currency 1,-1731,0,-1547.0,-858.0,,0,27729.0,0.0,,0.0,Consumer credit,-1229,,184.0,873.0,689.0,502,318.0,-371.0,27729.0,0.0,,,,
407656,5923108,Closed,currency 1,-1732,0,-1547.0,-1528.0,,0,27729.0,0.0,0.0,0.0,Consumer credit,-902,,185.0,204.0,19.0,830,645.0,626.0,27729.0,0.0,inf,,0.0,inf
407656,5923113,Active,currency 1,-1798,0,,,0.0,0,139500.0,0.0,139500.0,0.0,Credit card,-32,,,,,1766,,,139500.0,0.0,1.0,0.0,139500.0,1.0
407656,5923111,Closed,currency 1,-1933,0,-1627.0,-1627.0,,0,69943.5,0.0,,0.0,Consumer credit,-1229,,306.0,306.0,0.0,704,398.0,398.0,69943.5,0.0,,,,
407656,5923109,Closed,currency 1,-1934,0,-1627.0,-1619.0,,0,69943.5,0.0,0.0,0.0,Consumer credit,-902,,307.0,315.0,8.0,1032,725.0,717.0,69943.5,0.0,inf,,0.0,inf
407656,5923103,Closed,currency 1,-2423,0,-2117.0,-2116.0,,0,39316.5,0.0,,0.0,Consumer credit,-529,,306.0,307.0,1.0,1894,1588.0,1587.0,39316.5,0.0,,,,
407989,5965954,Active,currency 1,-48,0,257.0,,0.0,0,32625.0,29871.0,0.0,0.0,Consumer credit,-16,,305.0,,,32,-273.0,,2754.0,0.9155862068965517,inf,inf,29871.0,1.0921964447122627
407989,5965953,Active,currency 1,-134,0,964.0,,0.0,0,394275.69,360274.68,0.0,0.0,Consumer credit,-15,,1098.0,,,119,-979.0,,34001.01000000001,0.9137633618750373,inf,inf,360274.68,1.09437524169059
407989,5965952,Closed,currency 1,-620,0,-134.0,-134.0,0.0,0,197864.325,0.0,0.0,0.0,Consumer credit,-134,,486.0,486.0,0.0,486,0.0,0.0,197864.325,0.0,inf,,0.0,inf
407989,5965951,Active,currency 1,-714,0,,,1710.405,0,675000.0,668466.0,6531.39,0.0,Credit card,-23,,,,,691,,,6534.0,0.99032,1.0003996086591063,102.34666740157914,674997.39,1.0000038666816178
407989,5965950,Active,currency 1,-742,0,355.0,,0.0,0,90000.0,173714.085,6285.915,0.0,Credit card,-23,,1097.0,,,719,-378.0,,-83714.08499999999,1.9301564999999998,-13.317724627202244,27.635449254404488,180000.0,0.5
407989,5965945,Closed,currency 1,-800,0,-435.0,-435.0,,0,58365.0,0.0,0.0,0.0,Consumer credit,-427,,365.0,365.0,0.0,373,8.0,8.0,58365.0,0.0,inf,,0.0,inf
407989,5965946,Closed,currency 1,-882,0,-331.0,-425.0,,0,111150.0,0.0,0.0,0.0,Consumer credit,-419,,551.0,457.0,-94.0,463,-88.0,6.0,111150.0,0.0,inf,,0.0,inf
407989,5965949,Closed,currency 1,-951,0,-665.0,-665.0,0.0,0,106257.375,0.0,0.0,0.0,Consumer credit,-665,,286.0,286.0,0.0,286,0.0,0.0,106257.375,0.0,inf,,0.0,inf
407989,5965947,Closed,currency 1,-1171,0,-804.0,-804.0,,0,45382.5,0.0,0.0,0.0,Consumer credit,-803,,367.0,367.0,0.0,368,1.0,1.0,45382.5,0.0,inf,,0.0,inf
407989,5965948,Closed,currency 1,-1266,0,-993.0,-996.0,,0,33808.5,0.0,,0.0,Consumer credit,-993,,273.0,270.0,-3.0,273,0.0,3.0,33808.5,0.0,,,,
420424,5768996,Active,currency 1,-340,0,756.0,,,0,112500.0,,,0.0,Consumer credit,-31,,1096.0,,,309,-787.0,,,,,,,
420424,5768997,Active,currency 1,-603,0,493.0,,,0,450000.0,,,0.0,Consumer credit,-17,,1096.0,,,586,-510.0,,,,,,,
420424,5768995,Active,currency 1,-1492,0,-1310.0,,,0,25020.0,0.0,,0.0,Consumer credit,-372,,182.0,,,1120,938.0,,25020.0,0.0,,,,
422765,5155345,Closed,currency 1,-374,0,-191.0,-191.0,0.0,0,68995.485,0.0,0.0,0.0,Consumer credit,-185,,183.0,183.0,0.0,189,6.0,6.0,68995.485,0.0,inf,,0.0,inf
422765,5155344,Active,currency 1,-499,0,,,6491.295,0,144000.0,131395.5,12600.945,0.0,Credit card,-17,,,,,482,,,12604.5,0.91246875,1.0002821216980156,10.427432228297164,143996.445,1.0000246881094876
422765,5155343,Active,currency 1,-559,0,-9.0,,6698.52,0,113000.625,5917.5,0.0,0.0,Consumer credit,-31,,550.0,,,528,-22.0,,107083.125,0.05236696699686395,inf,inf,5917.5,19.096007604562736
422765,5155341,Active,currency 1,-814,0,264.0,,,0,225000.0,234225.0,0.0,0.0,Credit card,-21,,1078.0,,,793,-285.0,,-9225.0,1.041,-inf,inf,234225.0,0.9606147934678194
422765,5155342,Closed,currency 1,-914,0,-184.0,-184.0,2890.665,0,75836.07,0.0,0.0,0.0,Consumer credit,-184,,730.0,730.0,0.0,730,0.0,0.0,75836.07,0.0,inf,,0.0,inf
423329,6533496,Active,currency 1,-122,0,243.0,,4495.5,0,54562.5,43123.5,0.0,0.0,Consumer credit,-30,,365.0,,,92,-273.0,,11439.0,0.7903505154639175,inf,inf,43123.5,1.2652614003965355
423329,6533495,Active,currency 1,-556,0,-252.0,,2182.905,0,20434.5,1703.925,0.0,0.0,Consumer credit,-255,,304.0,,,301,-3.0,,18730.575,0.08338471702268223,inf,inf,1703.925,11.992605308332234
423958,5614403,Active,currency 1,-339,0,969.0,,,0,247500.0,201892.5,0.0,0.0,Consumer credit,-3,5625.0,1308.0,,,336,-972.0,,45607.5,0.8157272727272727,inf,inf,201892.5,1.2258999219881868
423958,5614402,Active,currency 1,-425,0,1047.0,,,0,45000.0,0.0,0.0,0.0,Credit card,-24,5625.0,1472.0,,,401,-1071.0,,45000.0,0.0,inf,,0.0,inf
423958,5614404,Closed,currency 1,-458,0,-94.0,-333.0,0.0,0,229360.5,0.0,0.0,0.0,Consumer credit,-333,5625.0,364.0,125.0,-239.0,125,-239.0,0.0,229360.5,0.0,inf,,0.0,inf
423958,5614401,Closed,currency 1,-1256,0,-920.0,-1101.0,0.0,0,21613.95,0.0,0.0,0.0,Consumer credit,-1101,5625.0,336.0,155.0,-181.0,155,-181.0,0.0,21613.95,0.0,inf,,0.0,inf
424782,5708867,Active,currency 1,-190,0,,,0.0,0,120977.685,75487.5,45489.33,0.0,Credit card,-13,12097.755,,,,177,,,45490.185,0.6239787114458341,1.0000187956164666,1.6594550854013457,120976.83,1.0000070674690351
426136,5659925,Active,currency 1,-123,0,608.0,,0.0,0,85630.5,78407.19,0.0,0.0,Consumer credit,-12,,731.0,,,111,-620.0,,7223.309999999998,0.9156455935677125,inf,inf,78407.19,1.0921256073582026
426136,5659923,Active,currency 1,-163,0,1663.0,,,0,490500.0,472131.0,0.0,0.0,Consumer credit,-37,,1826.0,,,126,-1700.0,,18369.0,0.9625504587155963,inf,inf,472131.0,1.0389065746583046
426136,5659922,Closed,currency 1,-208,0,-25.0,-147.0,,0,20016.0,0.0,0.0,0.0,Consumer credit,-129,,183.0,61.0,-122.0,79,-104.0,18.0,20016.0,0.0,inf,,0.0,inf
426136,5659924,Active,currency 1,-2330,0,,,5696.1,0,126000.0,113868.0,12127.545,0.0,Credit card,-17,,,,,2313,,,12132.0,0.9037142857142857,1.000367345575712,9.389204492747707,125995.545,1.0000353583930288
426136,5659921,Closed,currency 1,-2374,0,-2008.0,-1991.0,,0,47970.0,0.0,0.0,0.0,Consumer credit,-807,,366.0,383.0,17.0,1567,1201.0,1184.0,47970.0,0.0,inf,,0.0,inf
426384,5322796,Active,currency 1,-336,0,760.0,,0.0,0,289888.38,230198.13,0.0,0.0,Consumer credit,-33,,1096.0,,,303,-793.0,,59690.25,0.7940922985598802,inf,inf,230198.13,1.259299456516002
426384,5322793,Active,currency 1,-728,0,367.0,,,0,259533.0,,,0.0,Consumer credit,-23,,1095.0,,,705,-390.0,,,,,,,
426384,5322794,Active,currency 1,-846,0,,,,0,130500.0,,,0.0,Credit card,-9,,,,,837,,,,,,,,
426384,5322795,Active,currency 1,-1076,0,21.0,,564.075,0,135000.0,119505.465,0.0,0.0,Credit card,-10,,1097.0,,,1066,-31.0,,15494.535000000003,0.8852256666666667,inf,inf,119505.465,1.1296554513218287
426384,5322792,Closed,currency 1,-1136,0,-770.0,-923.0,,0,69480.0,0.0,0.0,0.0,Consumer credit,-923,,366.0,213.0,-153.0,213,-153.0,0.0,69480.0,0.0,inf,,0.0,inf
426598,5354431,Active,currency 1,-49,0,,,0.0,0,67500.0,67459.5,36.81,0.0,Credit card,-7,0.0,,,,42,,,40.5,0.9994,1.100244498777506,1832.640586797066,67496.31,1.0000546696552746
426598,5354430,Active,currency 1,-93,0,160.0,,0.0,0,99000.0,86553.0,0.0,0.0,Microloan,-22,55750.5,253.0,,,71,-182.0,,12447.0,0.8742727272727273,inf,inf,86553.0,1.1438078402828324
426598,5354424,Active,currency 1,-153,0,1673.0,,,0,396000.0,382108.5,0.0,0.0,Consumer credit,-29,0.0,1826.0,,,124,-1702.0,,13891.5,0.9649204545454545,inf,inf,382108.5,1.0363548573245558
426598,5344119,Closed,currency 1,-187,0,,-111.0,,0,135000.0,0.0,,0.0,Consumer credit,-110,0.0,,76.0,,77,,1.0,135000.0,0.0,,,,
426598,5354423,Active,currency 1,-273,0,823.0,,,0,533970.0,322890.21,,0.0,Consumer credit,-16,0.0,1096.0,,,257,-839.0,,211079.78999999998,0.6046972863644026,,,,
426598,5354429,Closed,currency 1,-292,0,,-273.0,,0,148500.0,0.0,,0.0,Consumer credit,-272,9900.0,,19.0,,20,,1.0,148500.0,0.0,,,,
426598,5354428,Closed,currency 1,-314,0,,-300.0,,0,18000.0,0.0,,0.0,Consumer credit,-299,0.0,,14.0,,15,,1.0,18000.0,0.0,,,,
426598,5354432,Active,currency 1,-471,0,992.0,,49594.5,0,1710000.0,,,0.0,Consumer credit,-9,11740.5,1463.0,,,462,-1001.0,,,,,,,
426598,5354433,Closed,currency 1,-567,0,894.0,-539.0,0.0,0,1575000.0,,,0.0,Consumer credit,-539,0.0,1461.0,28.0,-1433.0,28,-1433.0,0.0,,,,,,
426598,5354427,Closed,currency 1,-1751,0,-1386.0,-1672.0,,0,217822.5,0.0,,0.0,Consumer credit,-1670,14832.495,365.0,79.0,-286.0,81,-284.0,2.0,217822.5,0.0,,,,
426598,5354426,Closed,currency 1,-1819,0,-1513.0,-1636.0,,0,106753.5,0.0,,0.0,Consumer credit,-1636,0.0,306.0,183.0,-123.0,183,-123.0,0.0,106753.5,0.0,,,,
426598,5354425,Closed,currency 1,-2858,0,-2736.0,-2736.0,,0,15462.0,,,0.0,Consumer credit,-2735,0.0,122.0,122.0,0.0,123,1.0,1.0,,,,,,
429267,5249056,Active,currency 1,-30,0,671.0,,0.0,0,148500.0,148500.0,0.0,0.0,Consumer credit,-14,,701.0,,,16,-685.0,,0.0,1.0,,inf,148500.0,1.0
429267,5249055,Active,currency 1,-172,0,1659.0,,0.0,0,157500.0,133080.57,24419.43,0.0,Credit card,-12,,1831.0,,,160,-1671.0,,24419.429999999993,0.844956,0.9999999999999997,5.449781997368489,157500.0,1.0
432586,6756896,Active,currency 1,-375,0,721.0,,11475.72,0,135000.0,121374.405,13625.595,0.0,Credit card,-10,,1096.0,,,365,-731.0,,13625.595000000001,0.8990696666666667,1.0000000000000002,8.907824208777672,135000.0,1.0
432586,6756895,Active,currency 1,-375,0,173.0,,0.0,0,160979.94,60202.215,0.0,0.0,Consumer credit,-12,,548.0,,,363,-185.0,,100777.725,0.37397339693380427,inf,inf,60202.215,2.6739869953289928
432586,6756894,Closed,currency 1,-976,0,-438.0,-438.0,8612.28,0,160979.94,0.0,0.0,0.0,Consumer credit,-438,,538.0,538.0,0.0,538,0.0,0.0,160979.94,0.0,inf,,0.0,inf
432586,6756893,Closed,currency 1,-1549,0,-1187.0,-1187.0,,0,78102.0,,,0.0,Consumer credit,-1187,,362.0,362.0,0.0,362,0.0,0.0,,,,,,
435933,6516401,Active,currency 1,-230,0,1026.0,,,0,67500.0,14188.5,0.0,0.0,Credit card,-82,,1256.0,,,148,-1108.0,,53311.5,0.2102,inf,inf,14188.5,4.757373929590866
435933,6516403,Closed,currency 1,-552,0,-219.0,-192.0,,0,95625.0,,,0.0,Consumer credit,-187,,333.0,360.0,27.0,365,32.0,5.0,,,,,,
435933,6516405,Active,currency 1,-832,0,995.0,,0.0,0,900000.0,,,0.0,Consumer credit,-10,,1827.0,,,822,-1005.0,,,,,,,
435933,6516402,Active,currency 1,-965,0,861.0,,,0,198000.0,116964.0,0.0,0.0,Consumer credit,-10,,1826.0,,,955,-871.0,,81036.0,0.5907272727272728,inf,inf,116964.0,1.6928285626346569
435933,6516404,Closed,currency 1,-1279,0,9679.0,-961.0,9517.5,0,0.0,,,0.0,Credit card,-961,,10958.0,318.0,-10640.0,318,-10640.0,0.0,,,,,,
442969,5183557,Closed,currency 1,-1850,0,-1485.0,-1516.0,,0,49410.0,0.0,0.0,0.0,Consumer credit,-1471,,365.0,334.0,-31.0,379,14.0,45.0,49410.0,0.0,inf,,0.0,inf
442969,5183556,Closed,currency 1,-2019,0,-1866.0,-1867.0,,0,14580.0,0.0,0.0,0.0,Consumer credit,-1471,,153.0,152.0,-1.0,548,395.0,396.0,14580.0,0.0,inf,,0.0,inf
455886,6630042,Active,currency 1,-524,0,,,0.0,0,171000.0,0.0,171000.0,0.0,Credit card,-20,0.0,,,,504,,,171000.0,0.0,1.0,0.0,171000.0,1.0
455886,6481791,Closed,currency 1,-1207,0,-751.0,-751.0,0.0,0,93910.5,0.0,0.0,0.0,Consumer credit,-748,,456.0,456.0,0.0,459,3.0,3.0,93910.5,0.0,inf,,0.0,inf
